Date,Account No,Account Name,Amount Paid
13Jun11,9665,Beverley Gaubault,3800.00
13Jun11,014435,DIANE A P DAWSON,2735.00
13Jun11,002893,Alan Younis,3300.00
13Jun11,010605,Myrtle Williams,2200.00
13Jun11,009000,Barbara Bailey,2217.86
13Jun11,009000,Barbara Bailey,2217.86
13Jun11,025099,ninon ennis,2585.00
13Jun11,026420,ANDREA ROBINSON,2585.00
13Jun11,002165,HOWARD HALL,4160.00
13Jun11,008176,alvin @jeanette henry,3282.20
13Jun11,028700,Mark Allen,1940.75
13Jun11,025892,Frances L. Mitchell-Wood,2585.00

No. of Payments: 12
Total Amount Paid: 33608.67