Date,Account No,Account Name,Amount Paid
06Jun11,028738,Erica Ewbanks,3000.00
06Jun11,028364,Anthony Gregory,3643.29
06Jun11,028841,Robert Jackson,3000.00
06Jun11,003701,Paul Lue-Yen,4000.00
06Jun11,025760,Joy  Williams,2585.00
06Jun11,025426,Hilary Lawrence,3187.00
06Jun11,025426,Hilary Lawrence,3187.00
06Jun11,025426,Hilary Lawrence,3187.00
06Jun11,015447,Neil Reese,5448.32
06Jun11,002477,Marcia Pryce,3500.75
06Jun11,028804,Ivy Chin,2585.00
06Jun11,13635,DR LEVONNE TAYLOR,588.75
06Jun11,006744,CARL A. R. LITTLE,2585.00
06Jun11,028839,Ramiro Allen-Martinez,2340.87

No. of Payments: 14
Total Amount Paid: 42837.98