Date,Account No,Account Name,Amount Paid
15Feb11,009296,Winston Green,3400.00
15Feb11,687400,Brian Goldson,2885.00
15Feb11,16774,Everod Davis,5859.71
15Feb11,28167,Aniff Spence,3500.00
15Feb11,024475,ROHAN ANDERSON,2000.00
15Feb11,21598,andrew bogle,2936.71
15Feb11,026996,LANCELOT AUSTIN,5170.00
15Feb11,023052,Nickesha Lee,4000.00
15Feb11,006008,olive lawrence,13900.32
15Feb11,14985,June scarlett,3035.00
15Feb11,027893,Lillian Strachn,2260.41
15Feb11,5175,winston mckenzie,2750.00
15Feb11,24766,Suzanne Morris,1563.75
15Feb11,016816,Jaseth Barrett,2735.00
15Feb11,019377,Tamara Wilson,3348.75
15Feb11,022513,Anita Rachel Pal,3896.00
15Feb11,023236,Suzanne Morris,3301.00
15Feb11,026474,Donna Reid-Brady,2585.00
15Feb11,28376,Christine Forrester-Gill,2583.50
15Feb11,007049,Joan R. Brown,2885.00
15Feb11,022575,Sheldon Powe,2270.00
15Feb11,006113,Jasmin Lawrence,2735.00
15Feb11,25553,CYNTHIA EARLE,2585.00

No. of Payments: 23
Total Amount Paid: 82185.15