Date,Account No,Account Name,Amount Paid
09Sep11,003957,Evadnie Sterling,2585.00
09Sep11,001001,Evadnie Sterling,2585.00
09Sep11,014876,Norma Rattray,2885.00
09Sep11,022169,Patrick Williams,3559.50
09Sep11,026474,donna reid brady,2585.00
09Sep11,22331,Vinnate Hall,2735.00
09Sep11,009505,ELISE  WRIGHT-GOFFE,2215.86
09Sep11,021898,Paul Williams,2737.00
09Sep11,021386,Jervis Rose,2786.00
09Sep11,001664,Michael Bridge,2735.00
09Sep11,017837,Radcliffe Butler,4427.72
09Sep11,017837,Radcliffe Butler,4431.72
09Sep11,001027,James Chong,2360.96
09Sep11,021785,Lincoln Johnson,2735.00

No. of Payments: 14
Total Amount Paid: 41363.76