Date,Account No,Account Name,Amount Paid
01Dec10,015082,JOY GILLETT-CHAMBERS,2735.17
01Dec10,028015,,2877.81
01Dec10,027915,Yvette Cross,2586.00
01Dec10,001014,Patricia Newland,2735.00
01Dec10,027700,Angela and Josiah Okpanachi,5870.00
01Dec10,001-02,Devon Dickson ,1170.81
01Dec10,024998,Ian/Julliet Rose,6340.83
01Dec10,24600,Angella Brown,1410.00
01Dec10,008133,Susan Shirley,3000.00
01Dec10,027531,Deangelo Ferguson,1175.00
01Dec10,016521,Barbara Rhodd,2885.00
01Dec10,028401,Coral Fernandez,3798.75
01Dec10,027753,Naidia Sangster,2735.01
01Dec10,023463,Annette Lee,2735.00
01Dec10,21442,Sybil Hucey,2417.59
01Dec10,025475,HOPE WHEELER,2115.00
01Dec10,017232,Dionne Simpson,2735.00
01Dec10,027405,Carlton Lowrie,1175.00
01Dec10,026254,Dyon Woolcock,2735.00
01Dec10,024839,Leslie Kiffin,2979.61
01Dec10,014876,Norma M. Rattray,2884.97
01Dec10,002749,Karl Harrison,3337.16
01Dec10,000901,Karlene P. Robinson,3499.00
01Dec10,003774,Janet Geoghagen Martin,3498.75
01Dec10,26883,Prudence Serju,2735.00
01Dec10,028443,Jelissa Terthoffer,2585.00
01Dec10,024819,GREGORY STEELE,3035.00
01Dec10,013957,Monique Cassanova,2735.00
01Dec10,025300,Bishop Sarah F. Davis,2585.71
01Dec10,025270,PAUL GOODLETT,2585.00
01Dec10,013435,Lisa Andrade-Thompson,2200.00

No. of Payments: 31
Total Amount Paid: 87892.17