Date,Account No,Account Name,Amount Paid
05Mar11,14140,Christopher Karram,7597.50
05Mar11,25847,Carmen Wheatle,2585.00
05Mar11,25105,brenda lee,2735.00
05Mar11,006722,Jacqueline Scholefield,2417.59
05Mar11,018672,Thomas Levene,2115.00
05Mar11,13957,Monique Cassanova,2735.00
05Mar11,006528,Eleise E Francis,2218.00
05Mar11,010277,Chester Orr,2.52
05Mar11,3681,Billy Foote,3080.47
05Mar11,25199,BRENT/JENNIFER RICHARDSON/PETG,3498.75
05Mar11,13435,Lisa Andrade-Thompson,2200.00
05Mar11,13435,Lisa Andrade-Thompson,2200.00
05Mar11,002529,Roderick Lewis,2987.61
05Mar11,012045,Gwyneth Moore,9460.75
05Mar11,027915,Yvette Cross,2586.00
05Mar11,022860,Christopher Smith,2735.00

No. of Payments: 16
Total Amount Paid: 51154.19