Date,Account No,Account Name,Amount Paid
04Oct11,004987,Trixi MacMillan,2585.00
04Oct11,026230,shau wai hugh,2885.00
04Oct11,005113,JOHN SINCLAIR,2319.00
04Oct11,028443,Jelissa Terthoffer,2585.00
04Oct11,006738,michelle chambers,3650.75
04Oct11,000901,Karlene P Robinson,3501.00
04Oct11,006053,Lorna Higgins,2885.00
04Oct11,006050,Clinton Hoo,2215.86
04Oct11,006050,Clinton Hoo,2215.86
04Oct11,023581,Winston Greenwood,2300.00
04Oct11,3203,Ansel Chong,2417.58
04Oct11,020933,Tessa Simpson,2885.32
04Oct11,026816,Rohan Bailey,2600.00
04Oct11,026816,Rohan Bailey,2600.00

No. of Payments: 14
Total Amount Paid: 37645.37