Date,Account No,Account Name,Amount Paid
01Apr11,028796,Bobby Zachariah,2585.00
01Apr11,011026,Dorothy Francis,2585.00
01Apr11,003713,Marjorie Allen,3035.00
01Apr11,008214,Arlene Garrick,3798.75
01Apr11,012364,C. Jackson Bridgeton Managemen,2200.00
01Apr11,002749,Karl and Marc Harrison,3335.00
01Apr11,027395,ALRIC SPROUL,1700.52
01Apr11,023568,Norma Burtn,2570.00
01Apr11,014896,Janilee A. Abrikian,3648.75
01Apr11,012494,Olivia Marie Miller,3435.61
01Apr11,028541,Anuradha Maharaj,3525.00
01Apr11,010265,Salma T. Aitcheson,2316.72
01Apr11,002078,David Radlein,2115.00
01Apr11,015939,Evadne Smith,2114.29
01Apr11,027524,Suzanne Charles & Garth Watson,250.00
01Apr11,028279,Rena Blackwood-McIntosh,3500.00
01Apr11,025475,Hope Wheeler,2115.00
01Apr11,002477,maecia pryce,3500.75
01Apr11,011451,Gerald & Norma Strudwick,6500.16
01Apr11,011451,Gerald & Norma Strudwick,6500.16
01Apr11,025426,Hilary  Lawrence,3187.50
01Apr11,017648,Janet & Natalie Shaw,4500.00
01Apr11,028872,Jacqueline lewis,3865.66
01Apr11,028465,Melissa Mellis,1175.00
01Apr11,028040,Carlos Michel,1175.00
01Apr11,024799,pauline royal,3497.00
01Apr11,006527,Cecelia Roberts,2300.00
01Apr11,003166,Winsome A. Williams,2685.00
01Apr11,023916,Kerrigon Isaacs,3034.73
01Apr11,028015,,2877.81
01Apr11,025300,Sarah Davis,275.09
01Apr11,024229,ROBERT/CARL BRUCE/BECKFORD,4230.00
01Apr11,027531,Deangelo Ferguson,1050.00
01Apr11,025199,BRENT/JENNIFER RICHARDSON/PETG,3498.75

No. of Payments: 34
Total Amount Paid: 98682.25