Date,Account No,Account Name,Amount Paid
12Oct11,17794,Christina Moore,3000.00
12Oct11,001001,Evadnie Sterling,2585.00
12Oct11,003957,Evadnie Sterling,2585.00
12Oct11,27205,Stephannie Hutchinson-Ffrench,3713.00
12Oct11,008597,Eric Dean,2215.86
12Oct11,28094,Patricia Johnson,1500.00
12Oct11,28153,jacqueline birthwright,5000.00
12Oct11,28153,jacqueline birthwright,5000.00
12Oct11,28153,jacqueline birthwright,5000.00
12Oct11,28094,Patricia Johnson,1500.00
12Oct11,000000,Judith Wilson,3000.00
12Oct11,010863,Rhonda Adams,3448.75
12Oct11,022513,Anita R. Pal,3895.00
12Oct11,023528,Barbara Brandon,12804.36
12Oct11,16521,Barbara Rhodd,2885.00
12Oct11,001622,Andrea Binns-Chin,4851.00
12Oct11,013957,Monique A. Cassanova,2735.00
12Oct11,10595,Hughjeanette Allen,3615.00

No. of Payments: 18
Total Amount Paid: 69332.97