Date,Account No,Account Name,Amount Paid
14Aug10,018672,Thomas Levene,2115.00
14Aug10,009214,Jacqueline mcLeod,3942.50
14Aug10,026380,janette phillip,2216.01
14Aug10,015086,Christine Morrison,2740.00
14Aug10,002165,Howard Hall,3335.00
14Aug10,022513,Anita Pal,3822.98
14Aug10,023236,Suzanne Morris,1693.23
14Aug10,001803,DONNA SOARES,4241.25
14Aug10,005540,The Jamaica Biscuit Company,3500.00
14Aug10,024474,julie campbell,1600.00
14Aug10,016774,Everod Davis,6153.46
14Aug10,25463,Hazel Silburn,2585.00

No. of Payments: 12
Total Amount Paid: 37944.43