Date,Account No,Account Name,Amount Paid
08Aug11,003957,Evadnie Sterling,2585.00
08Aug11,001001,Evadnie Sterling,2585.00
08Aug11,023853,Paul White,3030.75
08Aug11,022067,Marlon C. Roberts,2800.00
08Aug11,024800,Peter Brady,2735.00
08Aug11,010386,Peter Brady,3650.75
08Aug11,027408,Violet/Andrew Anderson,2315.00
08Aug11,28359,Roxanne Hutchinson,2500.00
08Aug11,006498,baldwin chung,2735.00
08Aug11,025475,Hope Wheeler,2115.00
08Aug11,021785,Lincoln Johnson,2735.00

No. of Payments: 11
Total Amount Paid: 29786.50