Date,Account No,Account Name,Amount Paid
14Mar11,8699,Kerry Ann richards,9000.00
14Mar11,000595,Stuart Delvaille,2620.00
14Mar11,21027,patrick barrett,2300.00
14Mar11,25783,Alma Jean Harris,2115.00
14Mar11,23894,Donna Reid-Brady,2735.00
14Mar11,007049,Joan R. Brown,2855.00
14Mar11,27037,Craig Williams,2585.00
14Mar11,13908,Andrea Green,2734.29
14Mar11,26474,Donna Reid-Brady,2585.00
14Mar11,013580,Noel Wong,2316.47
14Mar11,23894,Donna Reid-Brady,2735.00
14Mar11,006498,baldwin chung,2735.00
14Mar11,023635,Karene Blair,2585.00
14Mar11,027307,Paulette Newby,2735.00
14Mar11,024930,Keisha Rose,2000.00
14Mar11,026230,shau wai hugh,2359.29
14Mar11,014435,DIANE DAWSON,2735.00
14Mar11,07219,Sylvia Lawrence,2200.00

No. of Payments: 18
Total Amount Paid: 51930.05