Date,Account No,Account Name,Amount Paid
02Sep11,26265,Kathleen Rainford,2115.00
02Sep11,007192,angela cooper,500.00
02Sep11,015769,Sophia Elaine Chambers,3050.00
02Sep11,008214,Arlene Garrick,3798.75
02Sep11,016417,SYLBERT LEE,2316.72
02Sep11,004337,Andrew A Heron,2585.00
02Sep11,027395,ALRIC SPROUL,2894.19
02Sep11,003713,Marjorie / Marilyn Allen,3035.00
02Sep11,028796,Bobby Zachariah,2585.00
02Sep11,013635,DR LEVONNE E TAYLOR,3499.12
02Sep11,026816,Rohan Bailey,2600.00

No. of Payments: 11
Total Amount Paid: 28978.78