Date,Account No,Account Name,Amount Paid
01Oct10,015082,Joy Gillett-Chambers,2735.00
01Oct10,025613,Richard Spence,2585.00
01Oct10,027915,Yvette Cross,2585.00
01Oct10,026254,Dyon Woolcock,2735.00
01Oct10,026729,Sophia Hitchins,2585.00
01Oct10,022975,John Sinclair,2228.75
01Oct10,027699,Pauline M. Bain,2979.61
01Oct10,009411,JANET WILLIAMSON,3618.75
01Oct10,018273,Alfred DaCosta,3181.34
01Oct10,006292,Donald E Taylor,4000.00
01Oct10,003166,Winsome Williams,2685.00
01Oct10,023463,Annette Lee,2884.11
01Oct10,027620,Tova Hamilton,2585.00
01Oct10,028443,JELISSA TERTHOFFER,2584.18
01Oct10,001014,Patricia Newland,2735.00
01Oct10,028401,Coral Fernandez,3798.75
01Oct10,025300,Sarah Davis,2585.00
01Oct10,024799,pauline royal,3498.04
01Oct10,017634,Ellan Neil,3498.75
01Oct10,013435,Lisa Andrade-Thompson,2115.00
01Oct10,011109,JANET CHEN,2215.86
01Oct10,007141,paul carroll,2735.00
01Oct10,024839,Leslie Kiffin,2979.61
01Oct10,008323,warren chai-onn,6950.16

No. of Payments: 24
Total Amount Paid: 73082.91