Date,Account No,Account Name,Amount Paid
01May11,008403,Roy Morris,2585.00
01May11,015082,JOY GILLETT-CHAMBERS,2735.00
01May11,022067,Marlon C. Roberts,2700.00
01May11,012311,Edereen Smith,6997.50
01May11,008198,William Isaacs,6233.75
01May11,025123,sanchea pryce,1400.00
01May11,006292,Donald E. Taylor,3000.00
01May11,12313,Janese March,2885.00
01May11,028537,duane o thomas,2735.00
01May11,001404,Katherine Ammar,2511.61
01May11,000070,Merline Burrowes,4133.00
01May11,026983,Philbert Singh,2700.00
01May11,003774,Janet Geoghagen,2735.00
01May11,028796,Bobby Zachariah,2585.00
01May11,022860,Christopher Smith,2735.00

No. of Payments: 15
Total Amount Paid: 48670.86