Date,Account No,Account Name,Amount Paid
11May11,016659,Margaret C. Campbell,2875.81
11May11,013957,Monique A. Cassanova,2735.00
11May11,007809,lance anderson,5478.50
11May11,008400,Rosa Ramsay,2215.86
11May11,008176,alvin&/orjeanette henry,3282.20
11May11,018782,Heather Armstrong,2215.86
11May11,009000,Barbara Bailey,2217.86
11May11,008476,Lawrence Jones,0.00
11May11,009665,Beverley Gaubault,3800.00
11May11,022530,Chelsea Scott,3100.00
11May11,024470,Barbara Levy,2585.00
11May11,023918,Kamina E Johnson,2870.00
11May11,023513,Jacqueline & Michelle Ferguson,2735.00
11May11,028444,Wayne Robertson,2735.00
11May11,024438,Winston Lawson,2735.00

No. of Payments: 15
Total Amount Paid: 41581.09