Date,Account No,Account Name,Amount Paid
14Apr11,19434,Christopher Hanson,2936.71
14Apr11,024974,Priestly McDonald,2215.30
14Apr11,024930,Keisha Rose,2500.00
14Apr11,025099,ninon ennis,2585.00
14Apr11,017578,vinnette smith,2735.00
14Apr11,001487,Esperanza West,2316.72
14Apr11,24167,Donnette Anglin,2669.73
14Apr11,021794,Jodie Smith,2286.50
14Apr11,012045,Gwyneth Moore,9460.75
14Apr11,001090,geoffrey chung,2885.00
14Apr11,14435 ,Diane Dawson,2735.00
14Apr11,23099,Lorna Lai,4654.00
14Apr11,028841,Robert Jackson,3000.00
14Apr11,028225,Caribbean Systematics Ltd,3525.00
14Apr11,28153,jacqueline birthwright,3700.00
14Apr11,28153,jacqueline birthwright,3700.00
14Apr11,013580,Noel Wong,2316.47
14Apr11,023367,Claudia Baxter,2600.00
14Apr11,5302,Suze Jovin-Webster,2735.00
14Apr11,002893,Alan Younis,3000.00
14Apr11,026230,shau wai hugh,2885.00
14Apr11,000901,Karlene P. Robinson,3499.00

No. of Payments: 22
Total Amount Paid: 70940.18