Date,Account No,Account Name,Amount Paid
02Jun11,008198,William and Vilma Isaacs,6233.75
02Jun11,015939,Evadne Smith,2115.00
02Jun11,027915,Yvette Cross,2586.00
02Jun11,000568,Barbara Rubie,2585.00
02Jun11,000568,Barbara Rubie,2587.00
02Jun11,003862,Erica Allen Needham,2215.86
02Jun11,026474,001-026474,2584.29
02Jun11,026254,Dyon Woolcock,2735.00
02Jun11,028443,Jelissa Terthoffer,2585.00
02Jun11,002078,David Radlein,2115.00
02Jun11,026609,Samantha Samuda,2885.00
02Jun11,002749,Marc and Karl Harrison,4504.48
02Jun11,028111,Owen Aston Tibby,3348.75
02Jun11,028522,MELISSA MCLYMONT,1410.00
02Jun11,017232,DIONNE SIMPSON,2735.00
02Jun11,015938,Howard Hamilton,3870.16

No. of Payments: 16
Total Amount Paid: 47095.29