Date,Account No,Account Name,Amount Paid
15Sep10,021931,Christine Gittens,2735.00
15Sep10,002165,Howard Hall,3335.00
15Sep10,20366,paul edwards,3500.00
15Sep10,026290,janet mckoy,2500.00
15Sep10,026289,janet mckoy,2500.00
15Sep10,025282,Alex Drysdale,3000.00
15Sep10,014561,Karen Amiel St. Juste,2885.00
15Sep10,022644,laughton   sturridge,2500.00
15Sep10,020059,Melody Williams,2800.00
15Sep10,028094,Patricia Johnson,3100.00
15Sep10,025724,Veronica Williams,2585.00
15Sep10,001027,001-027529,3000.00
15Sep10,023513,Jacqueline Ferguson,2735.00
15Sep10,010863,Rhonda Adams,3500.00
15Sep10,026230,shau wai hugh,2885.00
15Sep10,07665,Shernett Chin,2735.00
15Sep10,6856,Audre Spence,2885.00

No. of Payments: 17
Total Amount Paid: 49180.00