Date,Account No,Account Name,Amount Paid
08Apr11,13957,Monique Cassanova,2735.00
08Apr11,26024,marjorie grant,6000.00
08Apr11,002529,Roderick Lewis,2979.61
08Apr11,004140,DENIER LITTLE,2735.00
08Apr11,22134,Meric Dale Walker,2735.00
08Apr11,16659,Margaret Campbell,2875.81
08Apr11,006239,STANFORD FRANCIS & LEON JAMISO,2585.00
08Apr11,028607,Delmanda Fisher,2582.50
08Apr11,28444,Wayne O. Robertson,2735.00
08Apr11,022169,Patrick Williams,3500.00
08Apr11,23207,Waveney Stone,6592.62
08Apr11,08431,janice morrison,3200.00
08Apr11,12520,TANNIA DALEY,2585.00
08Apr11,010186,Rhonda Adams,3348.75
08Apr11,027763,,2600.00
08Apr11,021785,Lincoln Johnson,2735.00
08Apr11,001112,Anna Young-Hamilton,2900.00
08Apr11,021386,Jervis Rose,2787.00

No. of Payments: 18
Total Amount Paid: 58211.29