Date,Account No,Account Name,Amount Paid
15Oct11,28227,safiya donaldson,2585.00
15Oct11,9410,Roderick Rickets,3100.00
15Oct11,26795,Kerrie-Ann Tucker,2585.00
15Oct11,023103,daniel james,4100.00
15Oct11,009165,Sonia Hoo,6647.58
15Oct11,022054,Margaret Lawson,2100.00
15Oct11,25756,Richard Bailey,2585.00
15Oct11,25756,Richard Bailey,2585.00
15Oct11,25783,Alma Jean Harris,2115.00
15Oct11,2609,Nuckekeowe Pearson,2316.72
15Oct11,013580,Noel Wong,2316.47
15Oct11,22947,Shirley Gordon,3500.00
15Oct11,025553,CYNTHIA EARLE,2585.00
15Oct11,028378,damian campbell,2000.00
15Oct11,014985,june scarlett,3071.00
15Oct11,28736,brittannis Martin,2920.00

No. of Payments: 16
Total Amount Paid: 47111.77