Date,Account No,Account Name,Amount Paid
02Aug11,001014,PATRICIA NEWLAND,2735.00
02Aug11,028868,Donnavan W Smith,2585.00
02Aug11,017648,NATALIE / JANET SHAW,2215.86
02Aug11,028738,Erica Ewbanks,3000.00
02Aug11,028443,Jelissa Terthoffer,2585.00
02Aug11,027307,Paulette Newby,2735.00
02Aug11,006738,michelle chambers,3650.75
02Aug11,003774,Janet Geoghagen-Martin,3020.75
02Aug11,011109,JANET M CHEN,2215.86
02Aug11,025931,Olivia M Miller,1410.00
02Aug11,012494,Olivia M Miller,3585.75
02Aug11,22331,Vinnate Hall,2733.80
02Aug11,020099,ERICA ANGELLA DENNIS,3550.46
02Aug11,023207,Waveney Stone,2735.00
02Aug11,002078,David Radlein,2115.00
02Aug11,011026,Dorothy Francis,2585.00
02Aug11,023916,Kerrigon Isaacs,3035.00
02Aug11,007141,paul carroll,2735.00
02Aug11,24600,Angella Brown,1645.00
02Aug11,004337,Andrew A Heron,2585.00
02Aug11,021185,GARY PEART,9711.00
02Aug11,028796,Bobby Zachariah,2585.00
02Aug11,015497,Ivy Wan,4400.00
02Aug11,026729,Sophia Hitchins,2585.00
02Aug11,026883,Prudence M Serju,2735.00
02Aug11,000070,Merline Burrowes,4135.00
02Aug11,006051,Rosamond D Walker,2737.00
02Aug11,006528,Eleise E Francis,2218.00

No. of Payments: 28
Total Amount Paid: 84564.23