Date,Account No,Account Name,Amount Paid
06Mar11,016521,BARBARA RHODD,2885.00
06Mar11,008214,Arlene  M Garrick,3798.75
06Mar11,007808,TINA KIRKPATRICK,2835.86
06Mar11,023918,Kamina Johnson,4279.29
06Mar11,010290,Pat Clare,2885.00
06Mar11,002078,David Radlein,2115.00
06Mar11,025458,Gary/Shirley Jackson,2570.00
06Mar11,17884,pamella watson,2725.00
06Mar11,23581,Winston Greenwood,2300.00
06Mar11,022169,Patrick Williams,3500.00
06Mar11,025760,Joy Williams,2585.00
06Mar11,024839,Leslie Kiffin,2979.61

No. of Payments: 12
Total Amount Paid: 35458.51