Date,Account No,Account Name,Amount Paid
06Dec10,028039,Sonia Ramsay,2885.00
06Dec10,001112,Anna Young-Hamilton,2900.00
06Dec10,025282,Laurence Drysdake,3000.00
06Dec10,27984,Enrique Douglas,2585.00
06Dec10,022164,Alando N Terrelonge,2585.00
06Dec10,025982,FrancesMitchell-Wood,2585.00
06Dec10,009000,Barbara Bailey,2215.86
06Dec10,11855,Fitzroy Gregory,2585.00
06Dec10,014591,howard baugh,4955.15
06Dec10,027408,VIOLET ANDERSON,2315.00
06Dec10,010290,Pat Clare,2885.00
06Dec10,013856,Andrea McNish,2880.00
06Dec10,025760,Joy E. Williams,2585.00
06Dec10,028465,Melissa Mellis,1175.00
06Dec10,027866,Carron Edwards,2600.00

No. of Payments: 15
Total Amount Paid: 40736.01