Date,Account No,Account Name,Amount Paid
06Sep11,022067,Marlon C. Roberts,2800.00
06Sep11,008176,alvin&jeanette henry,3282.20
06Sep11,016394,Yolanda & Horace Manhu-Thomas,2735.00
06Sep11,023581,Winston greenwood,2200.00
06Sep11,027408,Violet & Andrew Anderson,2315.00
06Sep11,023918,Kamina Johnson,3500.00
06Sep11,023058,Alexis Robinson,2585.00
06Sep11,006180,Ionie/Oliver Mears/Clarke,2115.00
06Sep11,015447,neil reese,3498.76
06Sep11,022134,Meric Walker,2735.00
06Sep11,024936,Wayne Johnson,3180.75
06Sep11,023853,Paul White,3030.75

No. of Payments: 12
Total Amount Paid: 33977.46