Date,Account No,Account Name,Amount Paid
02Dec10,028541,Anuradha Maharaj,1131.66
02Dec10,017634,Ellan Neil,3498.75
02Dec10,026729,Sophia Hitchins,2585.00
02Dec10,002526,Margaret Stephens,2115.00
02Dec10,026249,KAVELL WILLIAMS,2885.00
02Dec10,024229,ROBERT/CARL BRUCE/BECKFORD,4230.00
02Dec10,007141,paul carroll,2735.00
02Dec10,027395,ALRIC SPROUL,3021.22
02Dec10,026457,Sackera Ramsay,2585.00
02Dec10,12313,JANESE MARCH,600.00
02Dec10,025613,Richard Spence,2585.00
02Dec10,28605,Tamara White,2555.00
02Dec10,28605,Tamara White,2356.52
02Dec10,003166,Winsome A. Williams,2685.00
02Dec10,015939,Evadne Smith,2115.00

No. of Payments: 15
Total Amount Paid: 37683.15