Date,Account No,Account Name,Amount Paid
13Aug10,026230,shau wai hugh,2884.20
13Aug10,28167,Aniff Spence,3500.00
13Aug10,021785,Lincoln J Johnson,2735.00
13Aug10,027415,Athol Hamilton,1939.29
13Aug10,017794,Christina Moore,3070.00
13Aug10,026316,paulette francis-smellie,2600.00
13Aug10,002893,Alan Younis,3000.00
13Aug10,013435,Lisa Andrade-Thompson,2900.00
13Aug10,004335,Darrell Burgess,2709.65
13Aug10,026819,Marcia Bair,2585.00
13Aug10,024751,ERROL CHAMPAGNIE,2311.72

No. of Payments: 11
Total Amount Paid: 30234.86