Date,Account No,Account Name,Amount Paid
03Oct11,028872,jacqueline lewis,3498.75
03Oct11,25768,janette phillip,2551.22
03Oct11,008212,Milton Rainford,2419.65
03Oct11,008214,Arlene Garrick,3798.75
03Oct11,001-02,yvonne Frederick,2115.00
03Oct11,008254,Patricia/Philbert Palmer,2000.00
03Oct11,002078,David  Radlein,2115.00
03Oct11,029132,Kimario Rose,2500.78
03Oct11,026729,Sophia Hitchins,2585.00
03Oct11,027525,Glendon Pessoa,3348.75
03Oct11,011026,Dorothy Francis,2585.00
03Oct11,003862,Erica Allen Needham,2217.86
03Oct11,024438,Winston Lawson,2735.00
03Oct11,016417,SYLBERT LEE,2316.72
03Oct11,004426,Ingrid Thwaites,3036.26
03Oct11,011723,Anne Marie Thomas,3049.25
03Oct11,025289,Alicia Silvera,2585.00
03Oct11,025426,Hilary Lawrence,3187.00
03Oct11,028868,Donnavan W. Smith,2585.00
03Oct11,003774,Janet Martin,3030.75
03Oct11,028522,Melissa McLymont,1410.00
03Oct11,024198,Paul Coombs,3292.00
03Oct11,017232,DIONNE SIMPSON,2587.54
03Oct11,007192,angela cooper,500.00
03Oct11,007192,007192,2500.00
03Oct11,024799,Pauline Royal,3350.00
03Oct11,000162,Arlene Tomlinson,2885.00
03Oct11,003166,Winsome A. Williams,2687.00
03Oct11,015106,Howard Campbell,2656.62
03Oct11,023853,Paul White,3030.75
03Oct11,006744,CARL A R LITTLE,2585.00

No. of Payments: 31
Total Amount Paid: 81744.65