Date,Account No,Account Name,Amount Paid
01Oct11,001487,Esperanza West,3004.10
01Oct11,010290,Pat Clare,2887.00
01Oct11,028015,,2877.81
01Oct11,26265,Kathleen Rainford,2115.00
01Oct11,001664,Michael Bridge,2735.00
01Oct11,022687,Lester Colins,3350.27
01Oct11,026474,Donna Reid Brady,2585.00
01Oct11,002103,MADGE PHILLIPS,2322.26
01Oct11,025316,Novar/Vilmsa McDonald,3183.34
01Oct11,028465,Melissa Mellis,1175.00
01Oct11,015769,Sophia Elaine Chambers,3050.00
01Oct11,027566,Marlon Virtue,2350.00
01Oct11,020464,Oswald Davis,2485.00
01Oct11,015938,Howard Hamilton,4231.00
01Oct11,013635,DR LEVONNE TAYLOR,3498.75
01Oct11,023102,023102,2600.00

No. of Payments: 16
Total Amount Paid: 44449.53