Date,Account No,Account Name,Amount Paid
13Sep11,687400,Brian Goldson,2885.00
13Sep11,028473,Garfield Coke ,2586.00
13Sep11,001028,Patricia Chong,2606.00
13Sep11,017578,vinnette smith,2887.00
13Sep11,28227,Safiya Donaldson,2585.00
13Sep11,021929,Fiona Fearon,3000.00
13Sep11,004140,Denier Little,2735.00
13Sep11,006239,STANFORD FRANCIS & LEON JAMISO,5176.00
13Sep11,007809,Lance Anderson,5500.00
13Sep11,027307,Paulette Newby,2735.00
13Sep11,12236,Vindel L. Kerr,0.00
13Sep11,021794,Jodi� Smith,2650.00
13Sep11,019985,MAXINE CARGILL,2585.00
13Sep11,4692,HEATHER FERGUON,2900.00
13Sep11,23197,Shanique Green,2585.00
13Sep11,024751,Errol Champagnie,2316.72
13Sep11,026420,ANDREA ROBINSON,2585.00
13Sep11,012799,seoma simmonds,2585.00
13Sep11,023513,Jacqueline Ferguson,2735.00
13Sep11,009000,Barbara Bailey,2217.86
13Sep11,4223,Orett  Parker,7300.00
13Sep11,5175,winston mckenzie,2700.00

No. of Payments: 22
Total Amount Paid: 65854.58