Date,Account No,Account Name,Amount Paid
12Aug11,025282,alex drysdale,3500.00
12Aug11,6906,Donovan E. Hinds,3000.00
12Aug11,19529,Paul Allen,2500.00
12Aug11,023918,Kamina Johnson,3000.00
12Aug11,26045,Arondel Davis,1616.54
12Aug11,022214,Anicee Gray-Brown,3648.75
12Aug11,1761,michelle roache,2585.00
12Aug11,020933,Tessa Simpson,2870.00
12Aug11,026945,Debbie Leyow,4001.00
12Aug11,24936,Wayne Johnson,3476.50
12Aug11,022575,Sheldon Powe,25858.00

No. of Payments: 11
Total Amount Paid: 56055.79