Date,Account No,Account Name,Amount Paid
15Mar11,022575,Sheldon Powe,2270.00
15Mar11,009296,Winston A. Green,3500.00
15Mar11,004692,Heather E Ferguson,2800.00
15Mar11,021929,Fiona Fearon,2900.00
15Mar11,006113,Jasmin Lawrence,2735.00
15Mar11,4261,CAROL WATSON,3648.75
15Mar11,007158,Kevin and barbara Nash,2115.00
15Mar11,027893,Lillian Strachn,2260.41
15Mar11,006239,STANFORD FRANCIS & LEON JAMISO,2585.00
15Mar11,017578,vinnette smith,2735.00
15Mar11,019377,Tamara Wilson,3348.75
15Mar11,18907,NICOLA PEARSON,3798.75
15Mar11,25720,Colville Rickards,2115.00
15Mar11,025282,Laurence Drysdale,3000.00
15Mar11,12520,TANNIA DALEY,2585.00

No. of Payments: 15
Total Amount Paid: 42396.66