Date,Account No,Account Name,Amount Paid
11Jul11,14435 ,Diane Dawson,2735.00
11Jul11, 26883,Prudence Serju,2735.00
11Jul11,025099,ninon ennis,2585.00
11Jul11,003238,HENRY WEETOM,2316.72
11Jul11,025269,Camille Parchment,3035.00
11Jul11,6180,Oliver/Ionie Clarke/Mears,2115.00
11Jul11,25982,Frances Mitchell-Wood,2889.00
11Jul11,28876,Haedi-Kaye Holmes,2800.00
11Jul11,02712, LLOYD MCKENZIE,2117.00
11Jul11,016659,Margaret C. Campbell,2875.81
11Jul11,16394,Yolanda & Horace Manhu-Thomas,2735.00
11Jul11,23918,Kamina Johnson,3412.21

No. of Payments: 12
Total Amount Paid: 32350.74