Date,Account No,Account Name,Amount Paid
03Sep10,002526,Margaret Stephens,2115.00
03Sep10,024751,ERROLCHAMPAGNIE,2316.72
03Sep10,013435,Lisa Andrade-Thompson,2120.29
03Sep10,024229,ROBERT BRUCE/CARL BECKFORD,4230.00
03Sep10,004426,Ingrid Thwaites,3035.00
03Sep10,008254,Patricia Palmer,3100.00
03Sep10,008254,Patricia/Philbert Palmer,3100.00
03Sep10,006239,STANFORD FRANCIS & LEON JAMISO,2373.14
03Sep10,003166,Winsome Williams,2685.00
03Sep10,012236,Vindel Kerr,2585.00
03Sep10,012236,Vindel Kerr,2585.00
03Sep10,007808,Tina Kirkpatrick,2936.72
03Sep10,008946,sharon dohman,2735.00
03Sep10,001014,PATRICIA NEWLAND,2734.29
03Sep10,028051,allan wright,7209.00

No. of Payments: 15
Total Amount Paid: 45860.16