Date,Account No,Account Name,Amount Paid
08Nov10,006292,Donald E. Taylor,3000.00
08Nov10,024751,Errol Champagnie,2316.72
08Nov10,027408,VIOLET ANDERSON,2415.00
08Nov10,012045,Gwyneth C Moore,6291.00
08Nov10,021386,Jervis Rose,2787.00
08Nov10,015106,Howard Campbell,2735.00
08Nov10,025613,Richard Spence,2585.00
08Nov10,027307,Paulette Newby,2800.00
08Nov10,023581,Winston Greenwood,2216.72
08Nov10,022067,Marlon Roberts,2750.00
08Nov10,020388,Narda Sterling,2585.00
08Nov10,013856,ANDREA MCNISH,2880.00
08Nov10,006528,Eleise E Francis,2216.00

No. of Payments: 13
Total Amount Paid: 37577.44