Date,Account No,Account Name,Amount Paid
02Oct10,019601,Davia Blackwood,3000.00
02Oct10,026249,kavell williams,2885.00
02Oct10,002749,Karl Harrison,3332.00
02Oct10,026648,Andrew Thwaites,10000.00
02Oct10,002749,Karl Harrison,3335.00
02Oct10,26834,Edna Atkinson,2585.00
02Oct10,011026,Dorothy Francis,2585.00
02Oct10,010855,jennifer brown,2734.06
02Oct10,027405,Carlton Lowrie,500.00
02Oct10,010863,Rhonda Adams,3197.50
02Oct10,028431,JERMAINE BENJAMIN,1410.00
02Oct10,003774,Janet Geoghagen-Martin,3498.75
02Oct10,023568,Norma Burton,2585.00
02Oct10,022093,Suzzette Johnson,2585.00

No. of Payments: 14
Total Amount Paid: 44232.31