Date,Account No,Account Name,Amount Paid
03Aug11,015481,Alfrico Adams,3533.77
03Aug11,027566,Marlon Virtue,2350.00
03Aug11,024241,Donald Miller,2215.86
03Aug11,008198,William and Vilma Isaacs,6233.75
03Aug11,024241,Donald Miller,2215.86
03Aug11,207379,Jasnith Gillett--Chambers,2735.00
03Aug11,010496,Iris Johnson,2216.01
03Aug11,007737,ELEANOR JONES,7750.74
03Aug11,25316,vilma mcdonald,3183.34
03Aug11,002477,Marcia Pryce,3500.72
03Aug11,024883,phillip gooden,3389.00
03Aug11,012286,Michael McNaughton,2885.00

No. of Payments: 12
Total Amount Paid: 42209.05