Date,Account No,Account Name,Amount Paid
12May11,025269,Camille Parchment,3035.00
12May11,000056,Maria Myrie,2735.00
12May11,027763,Nicola Warren,2550.00
12May11,016774,Everod Davis,5859.71
12May11,021505,Michael Bernard,7500.00
12May11,002893,Alan Younis,3000.00
12May11,003965,Hilda Jankee,2825.00
12May11,027829,Robert Collie,2685.00
12May11,024751,ERROL CHAMPAGNIE,2316.72
12May11,007049,Joan R. Brown,2885.00
12May11,013580,Noel Wong,2316.47
12May11,006498,baldwin chung,2735.00
12May11,4261,Carol Watson,3648.75
12May11,028431,Jermaine Benjamin,1410.00

No. of Payments: 14
Total Amount Paid: 45501.65