Date,Account No,Account Name,Amount Paid
16Nov10,002047,Sonya Parchment,2800.00
16Nov10,14985,June Scarlett,4452.52
16Nov10,021254,Courtney Duhaney,3348.75
16Nov10,011966,Karen Ottar,4000.00
16Nov10,028279,Rena Blackwood-McIntosh,3000.00
16Nov10,028039,Sonia Ramsay,2885.00
16Nov10,143,Christopher Karram,8772.50
16Nov10,028111,OWEN TIBBY,800.00
16Nov10,023513,Jacqueline Ferguson,3475.00
16Nov10,02670,Dawn Lue,666.00
16Nov10,028111,OWEN TIBBY,800.00
16Nov10,007665,Dawn Lue,2600.00
16Nov10,024438,Winston Lawson,2735.00
16Nov10,026277,maria gayle,2585.00
16Nov10,021931,Christene Gittens,3500.00
16Nov10,009296,Winston Green,5000.00
16Nov10,021830,Jason Simmonds,5000.00

No. of Payments: 17
Total Amount Paid: 56419.77