Date,Account No,Account Name,Amount Paid
03Aug10,020099,ERICA ANGELLA DENNIS,3550.19
03Aug10,010863,Rhonda Adams,3642.50
03Aug10,027915,Yvette Cross,2584.99
03Aug10,028051,allan wright,7205.00
03Aug10,008214,Arlene Garrick,3798.75
03Aug10,025388,Raymond Shields,3642.50
03Aug10,003238,HENRY WEETOM,2659.75
03Aug10,025802,Michelle Anderson,2540.00
03Aug10,013109,Craig Wong,2734.29
03Aug10,000880,Stacey Chin,2883.35
03Aug10,010277,Chester Orr,518.45
03Aug10,028174,Margaret Smith,2584.06
03Aug10,010277,Chester Orr,2518.89
03Aug10,026846,MARK WONG,7049.02
03Aug10,017634,Ellan Edwards,3792.50
03Aug10,12045,Gwyneth C Moore,6291.00
03Aug10,007141,Paul Carroll,3270.00
03Aug10,028015,,2778.72
03Aug10,018782,Heather Armstrong,2265.00
03Aug10,011026,Dorothy Francis,2585.00
03Aug10,550029,Janice A. M. Grant Taffe,3051.00
03Aug10,026729,Sophia G Hitchins,2585.00
03Aug10,025199,Brent/Jennifer Richardson/Petg,3821.53

No. of Payments: 23
Total Amount Paid: 78351.49