Date,Account No,Account Name,Amount Paid
01Jun11,028850,Andrea Adams,3867.50
01Jun11,026380,janette phillip,2551.22
01Jun11,006319,Pauline Christie,6351.00
01Jun11,008403,Roy Morris,2585.00
01Jun11,023367,Claudia Denise Baxter,2555.55
01Jun11,026729,Sophia Hitchins,2585.00
01Jun11,008212,Milton Rainford,2417.52
01Jun11,008918,Walford Brown,7252.77
01Jun11,024799,pauline royal,3500.00
01Jun11,003713,Marjorie Allen,3035.00
01Jun11,026706,Dawn Lue,3200.00
01Jun11,000901,Karlene P Robinson,3498.00
01Jun11,028796,Bobby Zachariah,2585.00
01Jun11,028015,,2877.81
01Jun11,24600,Angella Brown,1645.00
01Jun11,010377,INGRID BATCHELOR,3035.00
01Jun11,027307,Paulette Newby,2735.00
01Jun11,025475,Hope Wheeler,2115.00
01Jun11,024839,Leslie Kiffin,2979.61
01Jun11,003774,Janet Geoghagen-Martin,3031.54
01Jun11,026648,Andrew M Thwaites,10000.00
01Jun11,011109,JANET M CHEN,2215.86
01Jun11,010265,Salma Aitcheson,2316.72
01Jun11,011723,Anne Marie Thomas,3498.75
01Jun11,027624,Nicole O'Sullivan,2885.00
01Jun11,016659,Margaret Campbell,2875.81
01Jun11,023513,Jacqueline Ferguson,2735.00
01Jun11,018672,Thomas Levene,2854.29
01Jun11,064108,howard  baugh,2215.86
01Jun11,017693,Hope Julal Millicent Blissett,2114.29
01Jun11,003166,Winsome A. Williams,2687.90
01Jun11,025300,Bishop Sarah F. Davis,2800.00
01Jun11,025300,Bishop Sarah F. Davis,2800.00
01Jun11,020564,beverley burnett,2411.90

No. of Payments: 34
Total Amount Paid: 108813.90