Date,Account No,Account Name,Amount Paid
15Jul10,013024,22 hamilton drive,2800.00
15Jul10,009214,Jacqueline McLeod,3355.00
15Jul10,026227,Lolly Surapaneni,2585.00
15Jul10,26695,Lydia Osbourne,2500.00
15Jul10,102752,001-027529,2400.00
15Jul10,017578,Kirk Smith,3099.00
15Jul10,02770,Angela and Josiah Okpanachi,2580.00
15Jul10,26819,Marcia Bair,2585.00
15Jul10,021785,Lincoln J Johnson,2735.00
15Jul10,013520,AMEIN BROWN,2883.00
15Jul10,013520,AMEIN BROWN,2885.00
15Jul10,014561,Karen Amiel St. Juste,2885.00

No. of Payments: 12
Total Amount Paid: 33292.00