Date,Account No,Account Name,Amount Paid
15Nov10,026249,kavell williams,2885.00
15Nov10,123556,michael johnson,2500.00
15Nov10,028227,Safiya N Donaldson,2585.00
15Nov10,002165,Howard Hall,3335.00
15Nov10,023568,Norma Burton,300.00
15Nov10,023568,Norma Burton,2285.00
15Nov10,25211,Donna Chuck,3000.00
15Nov10,028153,jacqueline birthwright,3000.00
15Nov10,018092,Gail Boland,2585.00
15Nov10,021929,Fiona Fearon,2600.00
15Nov10,021794,Jodie Smith,2585.00
15Nov10,022164,Alando N Terrelonge,1670.00
15Nov10,027893,Lillian Strachn,2260.41
15Nov10,000218,Hope Anderson,3095.00
15Nov10,022575,Sheldon Powe,2585.00
15Nov10,16744,Gladys Richards,1530.00
15Nov10,10150,Beverly Richards,2570.00
15Nov10,001015,Ivy Wan,2135.00
15Nov10,025269,Camille/Denis Parchment,3035.00
15Nov10,003652,icylyn chung,4230.00
15Nov10,16774,Everod Davis,5859.92
15Nov10,010855,jennifer brown,2738.00
15Nov10,011085,jennifer brown,2735.00
15Nov10,20366,paul edwards,3500.00
15Nov10,028476,Wayne Campbell,3350.00
15Nov10,022513,Anita Pal,3896.00
15Nov10,026230,shau wai hugh,2885.00
15Nov10,024624,Jean-Paul anderson,1500.00
15Nov10,28167,Aniff Spence,3500.00
15Nov10,009000,Barbara Bailey,2215.86
15Nov10,021598,andrew bogle,2936.71
15Nov10,001004,Patricia Robinson,3035.00

No. of Payments: 32
Total Amount Paid: 88921.90