Date,Account No,Account Name,Amount Paid
03Mar11,001887,Mark Jackson,2518.45
03Mar11,000568,Barbara Rubie,1787.64
03Mar11,000901,Karlene P Robinson,3499.00
03Mar11,028111,OWEN TIBBY,3500.00
03Mar11,8551,Robert Kinlocke,11396.25
03Mar11,026883,Prudence Serju,2735.00
03Mar11,026883,Prudence Serju,2735.00
03Mar11,028015,,2877.81
03Mar11,28605,Tamara White,3010.00
03Mar11,007158,kevin and barbara nash,2500.00
03Mar11,027531,Deangelo Ferguson,1175.00

No. of Payments: 11
Total Amount Paid: 37734.15