Date,Account No,Account Name,Amount Paid
08Jun11,5175,w. mckenzie,3000.00
08Jun11,000898,Adrian Lee,2750.00
08Jun11,021898,Paul Williams,2735.00
08Jun11,028040,Carlos Michel,1175.00
08Jun11,001090,geoffrey chung,2620.00
08Jun11,004140,denier little,2735.00
08Jun11,26197,claudette johnson,2980.00
08Jun11,027796,Yvonne chamberlain,2500.00
08Jun11,025105,brenda lee,2735.00
08Jun11,024438,Winston Lawson,2735.00
08Jun11,7808,TINA KIRKPATRICK,2835.86
08Jun11,003238,HENRY WEETOM,2316.72
08Jun11,001887,mark Jackson,2518.45
08Jun11,023463,Annette Lee,2735.00
08Jun11,002710,Andre Gooden,3648.75
08Jun11,8400,Rosa Ramsay,2215.86
08Jun11,027566,Marlon Virtue,1175.00
08Jun11,12520,TANNIA DALEY,7585.00
08Jun11,12520,TANNIA DALEY,7585.00
08Jun11,021785,Lincoln J Johnson,2735.00
08Jun11,13957,Monique A. Cassanova,2735.00

No. of Payments: 21
Total Amount Paid: 64050.64