Date,Account No,Account Name,Amount Paid
01Jul11,028872,jacquleine lewis,3497.50
01Jul11,016889,John Ehikhametalor,3498.75
01Jul11,003701,Paul Lue-Yen,5170.00
01Jul11,002078,David Radlein,2115.00
01Jul11,028850,Andrea E. Adams,3539.00
01Jul11,028796,Bobby Zachariah,2585.00
01Jul11,025475,Hope Wheeler,2115.00
01Jul11,002103,MADGE PHILLIPS,6950.16
01Jul11,008198,William Isaacs,6233.75
01Jul11,002526,Margaret Stephens,2115.00
01Jul11,015497,Ivy Wan,4972.00
01Jul11,022331,Vinnate Hall,2736.20
01Jul11,023207,Waveney Stone,1612.91
01Jul11,003862,Erica AllenNeedham,2215.86
01Jul11,003627,Dulcia M. tulloch,4182.09
01Jul11,013916,PRO Communications Ltd,5162.42
01Jul11,011723,Anne marie Thomas,3498.75
01Jul11,025790,Yvonne Wilks,10700.00
01Jul11,026729,Sophia Hitchins,2585.00
01Jul11,028868,Donnavan W. Smith,2585.83
01Jul11,024963,Blue Distributors Limited,15000.00
01Jul11,007192,angela cooper,2500.00
01Jul11,000687,Barbara O'Sullivan,4970.00
01Jul11,007141,paul carroll,2735.00
01Jul11,003774,Janet Geoghagen-Martin,3030.75
01Jul11,007036,Shirley Madden,3.50
01Jul11,015938,Howard Hamilton,4231.00
01Jul11,021524,Everton Lewis,2885.00
01Jul11,23050,Senara Chow,3000.00
01Jul11,013635,DR LEVONNE TAYLOR,3498.38
01Jul11,003166,Winsome Williams,2687.00
01Jul11,000070,Merline Burrowes,4134.00

No. of Payments: 32
Total Amount Paid: 126744.85