Date,Account No,Account Name,Amount Paid
04Apr11,11154,Deane Shepherd,2585.00
04Apr11,028473,Garfield Coke,2586.00
04Apr11,004987,Trixi MacMillan,3802.72
04Apr11,028839,Ramiro Allen-Martinez,2340.87
04Apr11,000568,Barbara Rubie,2587.00
04Apr11,028832,Keisha DeLeon,2500.00
04Apr11,008212,Milton Rainford,2417.59
04Apr11,024751,ERROL CHAMPAGNIE,2316.72
04Apr11,007158,Kevin and Barbara Nash,2821.15
04Apr11,024438,Winston Lawson,2670.00
04Apr11,026352,Rebecca Issa,3348.75
04Apr11,007141,paul carroll,2735.00
04Apr11,003862,Erica AllenNeedham,4431.72
04Apr11,023581,Winston greenwood,2134.71
04Apr11,023463,Annette Lee,2735.00
04Apr11,004426,Ingrid Thwaites,3035.00
04Apr11,024936,Wayne Johnson,2885.00

No. of Payments: 17
Total Amount Paid: 47932.23