Date,Account No,Account Name,Amount Paid
15Apr11,009296,Winston A. Green,3500.00
15Apr11,687400,Brian A L Goldson,2885.00
15Apr11,021598,andrew bogle,2873.42
15Apr11,025764,Maureen Elaine Allen,2885.00
15Apr11,022054,Margaret Lawson,2115.00
15Apr11,:26821,christopher lowe,3000.00
15Apr11,4261,Carol Watson,3648.75
15Apr11,4692,Heather Ferguson,2670.00
15Apr11,025783,ALMA JEAN HARRIS,2115.00
15Apr11,28537,duane thomas,2745.00
15Apr11,028378,Damian Campbell,3500.00
15Apr11,10150,Beverly Richards ,2735.00
15Apr11,16744,Gladys Richards ,1475.00
15Apr11,4611,Earl Hibbert,2292.00
15Apr11,000218,Hope a. Anderson,2735.00
15Apr11,065,EDMUND A. S. EDWARDS,3035.00
15Apr11,019377,Tamara Wilson,3348.75
15Apr11,016816,Jaseth Barrett,2735.00
15Apr11,024475,ROHAN ANDERSON,400.00

No. of Payments: 19
Total Amount Paid: 50692.92