Date,Account No,Account Name,Amount Paid
10Mar11,009665,Beverley Gaubault,3800.00
10Mar11,028607,Delmanda Fisher,2582.50
10Mar11,025269,Camille/Denis Parchment,3035.00
10Mar11,008133,Susan SHIRLEY,8000.00
10Mar11,026227,Lolly Surapaneni,2585.00
10Mar11,025099,ninon ennis,2585.00
10Mar11,028473,garfield coke,2584.00
10Mar11,015497,Ivy Wan,2117.12
10Mar11,023513,Jacqueline Ferguson,2735.00
10Mar11,021386,Jervis Rose,2786.00
10Mar11,024819,GREGORY STEELE,3000.00
10Mar11,020549,Shelly-Ann Walker,4945.96

No. of Payments: 12
Total Amount Paid: 40755.58