Date,Account No,Account Name,Amount Paid
09Sep10,025269,Camille/Denis Parchment,2585.00
09Sep10,006528,Eleise E Francis,2215.58
09Sep10,023616,finn,2958.42
09Sep10,023616,finn,2958.42
09Sep10,010290,Pat Clare,2885.00
09Sep10,023943,Ketha Silvera,2800.00
09Sep10,23916,kerrigon Isaacs,3035.00
09Sep10,15939,Evadne Smith,2115.00
09Sep10,025199,Brent/Jennifer Richardson/Petg,3498.75
09Sep10,005384,Byron Hibbert,3474.29
09Sep10,005384,BYRON HIBBERT,3474.20
09Sep10,015447,neil reese,4086.42

No. of Payments: 12
Total Amount Paid: 36086.08