Date,Account No,Account Name,Amount Paid
14Jul10,017794,Christina Moore,2400.00
14Jul10,004261,Andrea/Carol Graham/Watson,3800.00
14Jul10,011026,Dorothy y Francis,1845.00
14Jul10,009000,Barbara Bailey,2166.72
14Jul10,28167,Aniff Spence,3400.00
14Jul10,002893,Alan Younis,3000.00
14Jul10,019960,Carl Rennick,2200.00
14Jul10,011654,Annmarie Samuels,2885.00
14Jul10,016774,Everod Davis,5095.96
14Jul10,026230,shau wai hugh,2885.00
14Jul10,022214,Anicee Gray-Brown,3500.00
14Jul10,018672,Thomas Levene,2115.00
14Jul10,016153,JUDITH MCGOWAN,3600.00
14Jul10,025269,Camille/Denis Parchment,2375.80

No. of Payments: 14
Total Amount Paid: 41268.48