Date,Account No,Account Name,Amount Paid
10Oct11,014040,Audrey White,2215.86
10Oct11,010496,IRIS JOHNSON,2215.86
10Oct11,002818,Janet White,2735.00
10Oct11,025105,brenda lee,2735.00
10Oct11,024303,Ray Nixon,2173.75
10Oct11,028111,owen tibby,3448.75
10Oct11,023513,Jacqueline Ferguson,2735.00
10Oct11,016659,Margaret Campbell,2875.81
10Oct11,012520,TANNIA DALEY,2587.00
10Oct11,028039,Sonia M. Ramsay,2885.00
10Oct11,004140,DENIER LITTLE,2735.00
10Oct11,021898,Paul Williams,2737.00

No. of Payments: 12
Total Amount Paid: 32079.03