Date,Account No,Account Name,Amount Paid
13Jul11,001622,Andrea Binns-Chin,4000.00
13Jul11,026821,christopher lowe,3000.00
13Jul11,021794,Jodi� Smith,2800.00
13Jul11,006498,baldwin chung,2735.00
13Jul11,027763,Nicola Warren,2800.00
13Jul11,013143,Peter J Hylton,3500.00
13Jul11,017837,Radcliffe Butler,4423.72
13Jul11,017837,Radcliffe Butler,4431.72
13Jul11,5302,Suze Jovin-Webster,2735.00
13Jul11,22530,Chelsea Scott,5000.00
13Jul11,023367,Claudia Denise Baxter,2800.00
13Jul11,026230,shau wai hugh,2885.00
13Jul11,020388,Narda Alysa Sterling,2585.00
13Jul11,024936,Wayne Johnson,2885.00
13Jul11,012799,seoma simmonds,2585.00
13Jul11,003957,Evadnie Sterling,2585.00
13Jul11,20713,Janice R. Galbraith,2593.00
13Jul11,001001,Evadnie Sterling,2585.00
13Jul11,21929,FIONA FEARON,2998.00

No. of Payments: 19
Total Amount Paid: 59926.44