Date,Account No,Account Name,Amount Paid
02Oct11,008198,William and Vilma Isaacs,6233.75
02Oct11,000568,Barbara Rubie,2587.00
02Oct11,023058,ALEXIS ROBINSON,2585.00
02Oct11,027405,Carlton Lowrie,1175.00
02Oct11,025123,sanchea pryce,1400.00
02Oct11,002526,Margaret Stephens,2115.00
02Oct11,015939,Evadne Smith/Racquel Morris,2114.44
02Oct11,011109,JANET CHEN,2215.86
02Oct11,023367,Claudia D. Baxter,2600.00
02Oct11,013435,Lisa Andrade-Thompson,2000.00
02Oct11,003713,Marjorie Allen,3035.00
02Oct11,004337,Andrew A Heron,2585.00
02Oct11,028050,Joslyn O'Connor,3980.36
02Oct11,026568,Kayan Lawrence,612.00

No. of Payments: 14
Total Amount Paid: 35238.41