Date,Account No,Account Name,Amount Paid
14Sep11,21598,andrew bogle,2936.71
14Sep11,001386,LLOYD MARTIN,2979.61
14Sep11,005266,Kingsley Simpson,2885.00
14Sep11,209538,Sophia Henry,2850.00
14Sep11,011167,avril bailey,2800.00
14Sep11,025097,Rosemarie Powell,2735.00
14Sep11,013580,Noel Wong,2316.47
14Sep11,24705,Lola Rattray,2500.00
14Sep11,005302,Suze Jovin Webster,2735.00
14Sep11,20713,Janice Galbraith,2900.00
14Sep11,028607,Delmanda Fisher,2582.50
14Sep11,002893,Alan Younis,3500.00
14Sep11,13435,Lisa Andrade-Thompson,2000.00
14Sep11,007049,Joan R. Brown,2735.00
14Sep11,24167,Donnette Anglin,2737.00
14Sep11,001059,Merline Hobson,3885.75
14Sep11,004987,Trixi MacMillan,2585.00

No. of Payments: 17
Total Amount Paid: 47663.04