Date,Account No,Account Name,Amount Paid
14Oct10,019434,Christopher Hanson,2936.71
14Oct10,008748,Marjorie Chang,1319.00
14Oct10,013382,Idalee Patterson,2800.00
14Oct10,002893,Alan Younis,3000.00
14Oct10,022570,PHILBERT JAMIESON,3348.29
14Oct10,023513,Jacqueline Ferguson,2735.00
14Oct10,024438,Winston Lawson,2735.00
14Oct10,04223,Orett Parker,7297.50
14Oct10,006239,Stanford Francis,2585.00
14Oct10,028040,Carlos Michel,2350.00
14Oct10,11345,Brendan Dunn,1.28
14Oct10,024234,Neville Spence,4597.04
14Oct10,11345,Brendan Dunn,1.30
14Oct10,008597,Eric Dean,2215.86
14Oct10,026277,maria gayle,2585.00

No. of Payments: 15
Total Amount Paid: 40506.98