Date,Account No,Account Name,Amount Paid
11Sep10,028174,Margaret Smith,100.00
11Sep10,028174,Margaret Smith,1000.00
11Sep10,026706,Dawn lue,2600.00
11Sep10,019377,Tamara WIlson,25855.39
11Sep10,25553,Cynthia Earle,2585.00
11Sep10,28058,charmaine changoo-headley,3200.00
11Sep10,023050,Senara Chow,2800.00
11Sep10,026227,Lolly Surapaneni,2585.00
11Sep10,026613,steve wright,2800.00
11Sep10,025982,Frances L. Mitchell-Wood,2585.00
11Sep10,021929,Fiona Fearon,2585.00

No. of Payments: 11
Total Amount Paid: 48695.39