Date,Account No,Account Name,Amount Paid
02Nov10,027531,Deangelo Ferguson,1175.00
02Nov10,26227,Lolly Surapaneni,2585.00
02Nov10,28465,Melissa Mellis,1019.00
02Nov10,006239,STANFORD FRANCIS & LEON JAMISO,2585.00
02Nov10,017634,Ellan Neil,3498.75
02Nov10,004337,Andrew A Heron,2585.00
02Nov10,001014,Patricia Newland,2735.00
02Nov10,02583,Callender,2585.00
02Nov10,026729,Sophia Hitchins,2585.00
02Nov10,002408,Frederick J. Bogle,4500.00
02Nov10,004550,Sheila Graham,4681.69
02Nov10,26883,Prudence Serju,2735.00
02Nov10,025199,Brent/Jennifer Richardson/Petg,3498.75
02Nov10,026613,steve wright,2800.00
02Nov10,26265,Kathleen Rainford,2115.00
02Nov10,011109,JANET CHEN,2215.86

No. of Payments: 16
Total Amount Paid: 43899.05