Date,Account No,Account Name,Amount Paid
07Mar11,08880,Deloris Simpson,2735.00
07Mar11,8212,Milton Rainford,2417.59
07Mar11,002363,Odette Khoury,5770.00
07Mar11,016394,Yolanda & Horace Manhu-Thomas,2735.00
07Mar11,23207,Waveney Stone,6592.50
07Mar11,005302,Suze Jovin Webster,2735.00
07Mar11,009505,ELISE  WEIGHT-GOFFE,2215.86
07Mar11,3774,Janet Geoghagen-Martin,3498.75
07Mar11,025475,Wheeler, Hope,2115.00
07Mar11,011450,Megan Deane,2885.00
07Mar11,015447,neil reese,3498.75
07Mar11,023463,Annette Lee,2735.00
07Mar11,22331,Vinnate Hall,2733.80
07Mar11,028153,jacqueline Birthwright,5000.00
07Mar11,002408,Frederick Bogle,7000.00
07Mar11,000898,Adrian Lee,2735.00
07Mar11,023441,Patrick  Beech,3700.00
07Mar11,002710,Andre Gooden,3648.75

No. of Payments: 18
Total Amount Paid: 64751.00