Date,Account No,Account Name,Amount Paid
15Jun11,009411,Janet Williamson,3800.00
15Jun11,006239,STANFORD FRANCIS & LEON JAMISO,2587.00
15Jun11,022513,Anita Pal,3860.00
15Jun11,028378,Damian Campbell,3200.00
15Jun11,26821,christopher lowe,2785.00
15Jun11,005266,Kingsley Simpson,2885.00
15Jun11,016774,Everod Davis,5859.71
15Jun11,24705,Lola Rattray,2000.00
15Jun11,4692,HEATHER FERGUSON,2900.00
15Jun11,012799,Seoma Simmonds,2585.00
15Jun11,028607,Delmanda Fisher,2582.50
15Jun11,016744,Gladys Richards,2215.86
15Jun11,010150,Beverly RIchards,2735.00
15Jun11,025170,Pamela Thompson,2585.00
15Jun11,021269,Byron/Rosalee Hay,3000.00
15Jun11,28736,Brittannis Martin,2800.00
15Jun11,019377,Tamara Wilson,5328.25
15Jun11,024234,Neville Spence,4000.00
15Jun11,25783,Alma Jean Harris,2115.00
15Jun11,023918,Kamina E Johnson,2950.00
15Jun11,026230,shau wai hugh,2885.00

No. of Payments: 21
Total Amount Paid: 65658.32