Date,Account No,Account Name,Amount Paid
01Aug11,007808,TINA KIRKPATRICK,2835.86
01Aug11,015939,Evadne Smith,2115.00
01Aug11,005113,JOHN SINCLAIR,2319.00
01Aug11,003862,Erica Allen Needham,2215.86
01Aug11,003627,Horace/Dulcia Tulloch,3242.09
01Aug11,011723,Anne Marie Thomas,3499.00
01Aug11,023767,adrian robinson,4000.00
01Aug11,003713,Marjorie Allen,3035.00
01Aug11,023766,adrian robinson,6400.00
01Aug11,026254,Dyon Woolcock,2735.00
01Aug11,003166,Winsome A. Williams,2687.00
01Aug11,028465,Melissa Mellis,1175.00

No. of Payments: 12
Total Amount Paid: 36258.81