Date,Account No,Account Name,Amount Paid
15Jul11,001487,Esperanza West,3004.10
15Jul11,001487,Esperanza West,3004.10
15Jul11,9410,Roderick Ricketts,3022.00
15Jul11,687400,Brian Goldson,2885.00
15Jul11,027893,LILLIAN STRACHN,2260.41
15Jul11,004223,orett parker,7298.00
15Jul11,28387,alicia morgan,2500.00
15Jul11, 9214,Jacqueline P McLeod,3648.75
15Jul11,016816,Jaseth Barrett,2735.00
15Jul11,13522,Gregory Sutherland,2885.00
15Jul11,5384,byron hibbert,2735.00
15Jul11,28736,brittannis Martin,2720.00
15Jul11,025783,Alma Jean Harris,2115.00
15Jul11,025553,CYNTHIA EARLE,2585.00

No. of Payments: 14
Total Amount Paid: 43397.36