Date,Account No,Account Name,Amount Paid
12Sep11,006498,baldwin chung,2735.00
12Sep11,014435,Diane Dawson,2735.00
12Sep11,013957,Monique A. Cassanova,2735.00
12Sep11,7808,tina KIRKPATRICK,2835.86
12Sep11,28895,richard bowes,3348.75
12Sep11,027763,Nicola Warren,3200.00
12Sep11,12311,Edereen Smith,3498.75
12Sep11,008258,john aarons,2737.26
12Sep11,23207,Waveney Stone,2735.00
12Sep11,025199,BRENT/JENNIFER RICHARDSON/PETG,3498.75
12Sep11,018899,Densie Rattray-Lounges,2285.00
12Sep11,07762,janice grant taffe,3798.75
12Sep11,012286,M ichael McNaughton,2885.00
12Sep11,22513,Anita Pal,4077.00
12Sep11,00000,Judith Wilson,3000.00
12Sep11,8133,Susan SHIRLEY,2735.00
12Sep11,005384,Byron Hibbert,2734.73
12Sep11,013029,Dr. Margaret Williams,2770.00
12Sep11,5384,Byron Hibbert,2734.73
12Sep11,024438,Winston Lawson,2735.00
12Sep11,008597,Eric Dean,2215.86
12Sep11,001622,Andrea Binns,4701.94
12Sep11,022214,Anicee Gray-Brown,3648.19
12Sep11,025269,Camille Parchment,3035.00
12Sep11,006528,Eleise E Francis,2218.00
12Sep11,016659,Margaret Campbell,2875.81

No. of Payments: 26
Total Amount Paid: 78509.38