Date,Account No,Account Name,Amount Paid
01Nov10,27915,Yvette Cross,2586.00
01Nov10,028111,OWEN TIBBY,2585.00
01Nov10,026254,Dyon Woolcock,2735.00
01Nov10,010863,Rhonda Adams,3348.75
01Nov10,015317,Michael D. Christie,11719.42
01Nov10,010290,Pat Clare,2885.00
01Nov10,028051,allan wright,7206.00
01Nov10,027763,Nicola Warren,2525.00
01Nov10,001887,Mark Jackson,2518.45
01Nov10,004426,Ingrid Thwaites,3035.00
01Nov10,028174,Margaret Smith,2585.00
01Nov10,028401,Coral Fernandez,3798.75
01Nov10,024799,pauline royal,3498.04
01Nov10,027699,Pauline bain,2979.61
01Nov10,002526,Margaret Stephens,2115.00
01Nov10,025300,Bishop Sarah F. Davis,2584.29
01Nov10,025475,HOPE WHEELER,2080.00
01Nov10,028522,Melissa McLymont,1400.00
01Nov10,003774,Janet Geoghagen-Martin,3498.75
01Nov10,019601,Davia Blackwood,3000.00
01Nov10,023528,barbara brandon et al,7095.00
01Nov10,018184,Gav Imports Ltd.,2585.00
01Nov10,017642,Leneisha Sterling,2669.66
01Nov10,024819,GREGORY STEELE,2940.00

No. of Payments: 24
Total Amount Paid: 83972.72