Date,Account No,Account Name,Amount Paid
15Aug11,028376,christine forrester-gill,2079.29
15Aug11,007992,HORACE GAYNOR,2885.00
15Aug11,009411,JANET WILLIAMSON,3700.00
15Aug11,009411,JANET WILLIAMSON,3700.00
15Aug11,9410,Roderick Ricketts,3021.00
15Aug11,024475,ROHAN ANDERSON,2500.00
15Aug11,020464,Oswald Davis,2585.00
15Aug11,015396,Oswald Davis,2585.00
15Aug11,019354,Paula Blake-Powell,2585.00
15Aug11,28736,brittannis Martin,2720.00
15Aug11,687400,Brian Goldson,2885.00
15Aug11,24167,Donnette Anglin,2510.16
15Aug11,005367,Aubrey Birch,3500.00
15Aug11,26821,christopher lowe,3000.00
15Aug11,028607,Delmanda Fisher,2182.50
15Aug11,8400,Rosa Ramsay,2215.86
15Aug11,21598,andrew bogle,2936.71
15Aug11,026230,shau wai hugh,2885.00
15Aug11,027405,Carlton Lowrie,1175.00
15Aug11,007049,Joan R Brown,2670.00
15Aug11,005266,Kingsley Simpson,2884.29
15Aug11,4692,HEATHER FERGUSON,2800.00
15Aug11,019377,Tamara Wilson,5328.25
15Aug11,025783,Alma Jean Harris,2115.00
15Aug11,001452,Houari Campbell,3641.00
15Aug11,12357,Vivienne Wignal Gordon,2885.99

No. of Payments: 26
Total Amount Paid: 73975.05