Date,Account No,Account Name,Amount Paid
14Sep10,022513,Anita Pal,3965.04
14Sep10,023568,Norma Burton,2585.00
14Sep10,023236,suzanneMorris,1693.21
14Sep10,02452,pamella wint,3000.00
14Sep10,013382,Idalee Patterson,2800.00
14Sep10,027726,Claudette Harrison,3324.29
14Sep10,024998,Ian Rose,4945.96
14Sep10,27395,Alric Sproul,3154.85
14Sep10,017578,vinnette smith,2735.00
14Sep10,008748,Marjorie Chang,1319.00
14Sep10,008749,Marjorie Chang,1319.00
14Sep10,026420,ANDREA ROBINSON,2582.73
14Sep10,026420,ANDREA ROBINSON,2584.70
14Sep10,025099,ninon ennis,2585.00
14Sep10,19399,Jean K. Smith,3462.00
14Sep10,021386,Jervis Rose,2787.00
14Sep10,25463,Hazel M. Silburn,2585.00

No. of Payments: 17
Total Amount Paid: 47427.78