Date,Account No,Account Name,Amount Paid
05Aug11,028475,Kimberly Doyley,2500.00
05Aug11,014896,Janilee Abrikian ,3648.75
05Aug11,004426,Ingrid Thwaites,3037.74
05Aug11,027769,Yvonne Chamberlain,2500.00
05Aug11,001588,Lorna Bell,2500.00
05Aug11,024438,Winston Lawson,2734.73
05Aug11,006008,olive lawrence,12190.00
05Aug11,006008,olive lawrence,12190.00
05Aug11,023513,Jacqueline Ferguson,2735.00
05Aug11,004140,DENIER LITTLE,2735.00
05Aug11,023463,Annette Lee,2735.00
05Aug11,002526,Margaret Stephens,2115.00
05Aug11,022134,meric walker,2735.00
05Aug11,28431,Jermaine Benjamin,1410.00
05Aug11,023367,Claudia Denise Baxter,2400.00
05Aug11,028174,Margaret Smith,2730.41
05Aug11,022093,Suzzette Johnson,2585.00
05Aug11,027915,Yvette Cross,2586.00
05Aug11,017693,Hope/Millicent Julal/Blissett,2115.00

No. of Payments: 19
Total Amount Paid: 68182.63