Date,Account No,Account Name,Amount Paid
11Aug11,028473,Garfield Coke,2584.00
11Aug11,000000,Judith Wilson,3000.00
11Aug11,025199,BRENT/JENNIFER RICHARDSON/PETG,3498.75
11Aug11,28039,Sonia M. Ramsay,2885.00
11Aug11,024974,Priestly McDonald,2215.30
11Aug11,008214,Arlene Garrick,3798.75
11Aug11,027718,Michelle Dunbar Perry,2500.00
11Aug11,001511,Blondell Walker,2884.29
11Aug11,000172,Clyde Morrison,3495.04
11Aug11,000172,Clyde Morrison,3498.04

No. of Payments: 10
Total Amount Paid: 30359.17