Date,Account No,Account Name,Amount Paid
13Oct10,010290,Pat Clare,2885.00
13Oct10,027763,Nicola Warren,2900.00
13Oct10,021929,Fiona Fearon,2600.00
13Oct10,028227,Safiya Donaldson,2620.00
13Oct10,021785,Lincoln Johnson,2735.00
13Oct10,22214,Anicee Gray-Brown,3649.00
13Oct10,023943,Ketha Silvera,2800.00
13Oct10,25463,Hazel Silburn,2585.00
13Oct10,026230,shau wai hugh,2885.00
13Oct10,024474,julie campbell,2500.00
13Oct10,004261,CAROL WATSON,3497.50
13Oct10,005175,winston mckenzie,3300.00
13Oct10,024992,Jodi Ann Paulwell,2585.00

No. of Payments: 13
Total Amount Paid: 37541.50