Date,Account No,Account Name,Amount Paid
12Jul10,017313,Denniese Cain,2735.00
12Jul10,027144,Tashana Alcock,2068.00
12Jul10,014435,DIANE DAWSON,2735.00
12Jul10,018782,Heather Armstrong,2265.00
12Jul10,017884,pamella watson,8693.00
12Jul10,025553,,2585.00
12Jul10,025170,Pamela Thompson,2585.00
12Jul10,006053,Lorna Higgins,2885.00
12Jul10,008748,Marjorie Chang,2816.00
12Jul10,022067,Marlon C. Roberts,2400.00
12Jul10,003965,Hilda Jankee,3300.00
12Jul10,028040,Carlos Michel,1175.00
12Jul10,015447,neil reese,3205.00

No. of Payments: 13
Total Amount Paid: 39447.00