Date,Account No,Account Name,Amount Paid
10Feb11,11314,Gloria Marsh,3500.00
10Feb11,027711,Derrick Brown,2735.00
10Feb11,28736,Brittannis martin,2785.88
10Feb11,08880,DELORIS SIMPSON,2304.73
10Feb11,20549,Shelly-Ann Walker,4945.96
10Feb11,23207,Waveney Stone,0.00
10Feb11,021898,Paul Williams,2735.00
10Feb11,027395,ALRIC SPROUL,3021.22
10Feb11,27457,James Chong,2360.88
10Feb11,024438,Winston Lawson,2734.17
10Feb11,5302,Suze Jovin Webster,2735.00

No. of Payments: 11
Total Amount Paid: 29857.84