Date,Account No,Account Name,Amount Paid
09May11,013435,,2000.00
09May11,026197,Claudette Johnson,2800.00
09May11,016394,Yolanda & Horace Manhu-Thomas,2735.00
09May11,028111,OWEN TIBBY,3348.75
09May11,013856,ANDREA MCNISH,2890.00
09May11,002408,Frederick Bogle,5864.30
09May11,028904,Chris Jones,2000.00
09May11,012520,TANNIA DALEY,2585.00
09May11,001927,sharron christie,2800.00
09May11,003238,HENRY WEETOM,2316.72
09May11,024527,Aldeen Anderson,1410.00
09May11,026277,maria gayle,2585.00

No. of Payments: 12
Total Amount Paid: 33334.77