Date,Account No,Account Name,Amount Paid
15Jun10,027876,rodcliff rhynie,2000.00
15Jun10,010269,John Andrew Levy,3900.00
15Jun10,016969,Dahlia Vivienne Campbell,3355.00
15Jun10,021545,babbette martin,10000.00
15Jun10,002165,Howard Hall,2585.00
15Jun10,006053,Lorna Higgins,2885.00
15Jun10,021785,Lincoln Johnson,2735.00
15Jun10,027893,LILLIAN STRACHN,2600.00
15Jun10,23513,Jacqueline Ferguson,2735.00
15Jun10,027128,Robyn-Kay Deleon,2585.00
15Jun10,028104,errol fagan,2700.00
15Jun10,028040,Carlos C. Michel,1175.00
15Jun10,6874,Brian Goldson,2585.00
15Jun10,014561,Karen Amiel St. Juste,2989.87
15Jun10,024705,Lola Rattray,2415.00

No. of Payments: 15
Total Amount Paid: 47244.87