Date,Account No,Account Name,Amount Paid
16Mar11,001422,Lisa-Kaye Allen-Henry,5000.00
16Mar11,28167,Aniff Spence,3500.00
16Mar11,687400,Brian Goldson,3625.00
16Mar11,013421,Cheryl Levy,2700.00
16Mar11,023053,Nickesha Lee,4000.00
16Mar11,002116,Delano Barnett,4000.00
16Mar11,026648,ANDREW THWAITES,10000.00
16Mar11,011109,JANET M CHEN,2215.86
16Mar11,016701,Edgar Heffes,12000.00
16Mar11,027395,ALRIC SPROUL,739.29
16Mar11,027395,ALRIC SPROUL,3021.00

No. of Payments: 11
Total Amount Paid: 50801.15