Date,Account No,Account Name,Amount Paid
02Jul10,027609,Anthony A Myers,2585.00
02Jul10,025945,Anthony A Myers,2585.00
02Jul10,026729,Sophia Hitchins,2585.00
02Jul10,010863,Rhonda Adams,3055.00
02Jul10,28237,AV Concepts Ltd,22482.00
02Jul10,024547,Simone/Mark Shaw,15376.24
02Jul10,001015,Eileen Jones,4279.87
02Jul10,002477,MARCIA PRYCE,3055.00
02Jul10,001090,geoffrey chung,2585.00
02Jul10,028225,Caribbean Systematics Limited,4000.00
02Jul10,025426,HILARY LAWRENCE,2585.00
02Jul10,025270,PAUL GOODLETT,2585.00
02Jul10,028051,allan wright,7205.00

No. of Payments: 13
Total Amount Paid: 74963.11