Date,Account No,Account Name,Amount Paid
04Jul11,008403,Roy Morris,2585.00
04Jul11,025622,Elsada dobson,2450.00
04Jul11,023581,Winston Greenwood,2215.86
04Jul11,023581,Winston Greenwood,2215.86
04Jul11,002749,Marc and Karl Harrison,3697.80
04Jul11,021162,Ileen Stamp,2735.00
04Jul11,002165,Howard Hall,4159.00
04Jul11,028094,Patricia  Johnson,3000.00
04Jul11,023916,Kerrigon Isaacs,3035.00
04Jul11,004426,Ingrid Thwaites,3037.74
04Jul11,008214,Arlene M Garrick,3798.75
04Jul11,028465,Melissa Mellis,1175.00
04Jul11,004618,Eloine Hall,2516.35
04Jul11,002477,Marcia M. Pryce,3500.75
04Jul11,24331,LAVONNE JAMES,3035.00

No. of Payments: 15
Total Amount Paid: 43157.11