Date,Account No,Account Name,Amount Paid
14Feb11,001927,Sharron Christie,2900.00
14Feb11,026233,tricia dawson,3000.00
14Feb11,025282,Laurence Drysdake,3000.00
14Feb11,021794,Jodie Smith,3183.50
14Feb11,26785,Andrew Samuels,1500.00
14Feb11, 21929,Fiona fERAON,3000.00
14Feb11,015939,Evadne Smith,2115.00
14Feb11,25720,Colville Rickards,2115.00
14Feb11,23635,Karene Blair,2585.00
14Feb11,016969,DAHLIA CAMPBELL,1185.00
14Feb11,025254,yolande magnus,2800.00
14Feb11,012045,gwyneth moore,2660.75
14Feb11,23894,Donna Reid-Brady,2735.00
14Feb11,016969,Dahlia Campbell,3648.75
14Feb11,005540,The Jamaica Biscuit Co Ltd,2885.00
14Feb11,26420,ANDREA ROBINSON,2585.00
14Feb11,013580,Noel Wong,2316.47
14Feb11,4261,Carol Watson,3648.75
14Feb11,027408,VIOLET ANDERSON,2315.00
14Feb11,017578,vinnette smith,2735.00
14Feb11,26482,marion bacchas,2685.06
14Feb11,35783,Alma Jean Harris,2115.00

No. of Payments: 22
Total Amount Paid: 57713.28