Date,Account No,Account Name,Amount Paid
01Jun10, 02583,Lisa Callender,2585.00
01Jun10,008258,,5470.00
01Jun10,006181,DOROTHY NOEL,203.02
01Jun10,014876,Norma M. Rattray,5245.96
01Jun10,002477,MARCIA PRYCE,3055.00
01Jun10,001887,mark jackson,2715.04
01Jun10,025426,HILARY LAWRENCE,2585.00
01Jun10,003238,HENRY WEETOM,2885.00
01Jun10,015170,Paul Lue Lim,1456.88
01Jun10,028015,,2784.72
01Jun10,028015,,2786.72
01Jun10,003774,Janet Geoghagen-Martin,3498.75
01Jun10,015719,Julette E Patterson,2584.31

No. of Payments: 13
Total Amount Paid: 37855.40