Date,Account No,Account Name,Amount Paid
05Jul11,015939,Evadne Smith,2115.00
05Jul11,027915,Yvette Cross,2586.00
05Jul11,027307,Paulette Newby,2735.00
05Jul11,22386,Duane Sheperd,2585.00
05Jul11,28839,Ramiro Allen,2340.87
05Jul11,022164,Alando N Terrelonge,2487.00
05Jul11,023513,Jacqueline & Michelle Ferguson,2735.00
05Jul11,025768,janette phillip,2551.22
05Jul11,018672,Thomas Levene,2115.00
05Jul11,004140,denier little,2735.00
05Jul11,016521,Barbara Rhodd,2885.00
05Jul11,016521,Barbara Rhodd,2885.00
05Jul11,003713,Marjorie Allen,3035.00
05Jul11,013435,Lisa Andrade-Thompson,2000.00
05Jul11,013435,Lisa Andrade-Thompson,2000.00
05Jul11,027796,yvonne chamberlain,2500.00
05Jul11,022134,Meric Walker,2735.00

No. of Payments: 17
Total Amount Paid: 43025.09