Date,Account No,Account Name,Amount Paid
15May11,021269,Byron hay,2000.00
15May11,028307,Richard Hemmings,2585.00
15May11,001914,Sandra Baugh-Ranglin,2885.00
15May11,021598,andrew bogle,2936.71
15May11,004692,Heather Ferguson,2735.00
15May11,017578,vinnette smith,3184.18
15May11,123456,Sharon Smith,2400.00
15May11,016816,Jaseth Barrett,2735.00
15May11,25982,Frances Mitchell-Wood,2585.00
15May11,28167,Aniff Spence,3500.00
15May11,028097,Yvonne McNaughton,2800.00
15May11,025783,Alma Jean Harris,2115.00
15May11,001012,Dr. Vindel Kerr,2585.00
15May11,000218,Hope Anderson,2735.00

No. of Payments: 14
Total Amount Paid: 37780.89