Date,Account No,Account Name,Amount Paid
01Sep11,010290,Pat Clare,2888.48
01Sep11,000070,Merline Burrowes,4134.00
01Sep11,028465,Melissa,1175.00
01Sep11,025289,Alicia Silvera,2585.00
01Sep11,004618,Eloine Hall,2600.00
01Sep11,025123,sanchea pryce,1400.00
01Sep11,007059,AINSWORTH COUSLEY,3495.00
01Sep11,006061,Lasford Stone,2736.73
01Sep11,023367,Claudia D. Baxter,2600.00
01Sep11,002526,Margaret Stephens,2115.00
01Sep11,006292,Donald E. Taylor,3500.00
01Sep11,023916,Kerrigon Isaacs,3035.00
01Sep11,027915,Yvette Cross,2586.00
01Sep11,028868,Donnavan W. Smith,2585.00
01Sep11,003681,Billy Foote,3080.47
01Sep11,011109,JANET M CHEN,2215.86
01Sep11,026729,Sophia Hitchins,2585.00
01Sep11,28804,ivy chin,2600.00
01Sep11,008947,Lissa Grant,10000.00
01Sep11,010265,Salma Aitcheson,2316.72
01Sep11,007141,paul carroll,2735.00
01Sep11,024799,Pauline Royal,150.00
01Sep11,028015,,2877.81
01Sep11,005099,GARTH/MADLINE HINCHCLIFFE,7252.77
01Sep11,011723,Anne Marie Thomas,3948.00
01Sep11,026648,Andrew M Thwaites,10000.00
01Sep11,028522,Melissa McLymont,1410.00
01Sep11,003774,Janet Geoghagen,3040.75
01Sep11,007036,Shirley Madden,6994.00
01Sep11,007036,Shirley Madden,7.00
01Sep11,026254,Dyon A Woolcock,2735.00
01Sep11,008081,Cheryl Strachan,2735.00
01Sep11,006319,Pauline Christie,6357.90
01Sep11,015938,Howard Hamilton,4231.00
01Sep11,003166,Winsome A. Williams,2687.00
01Sep11,016521,Barbara Rhodd,2885.00

No. of Payments: 36
Total Amount Paid: 120279.49