Date,Account No,Account Name,Amount Paid
07Jun11,16417,SYLBERT lEE,2316.72
07Jun11,028387,alicia morgan,2665.00
07Jun11,26265,Kathlen Rainford,2115.00
07Jun11,28444,Wayne O. Robertson,2735.00
07Jun11,025269,Camille Parchment,3035.00
07Jun11,11314,Gloria Marsh,2700.00
07Jun11,22134,Meric Dale Walker,2735.00
07Jun11,26274,percy chue,2885.00
07Jun11,16557,charlianne/elizabeth levy,3409.50
07Jun11,22948,Lynn Ballard,5245.96
07Jun11,009950,david Wan,2735.83
07Jun11,23916,kerrigon Isaacs,3035.00
07Jun11,26248,Antonica Coore,2735.00
07Jun11,28832,KEISHA DELEON,2600.00
07Jun11,025199,BRENT/JENNIFER RICHARDSON/PETG,3498.75
07Jun11,007281,Mavis Crawford/Carol Bowes,3178.75
07Jun11,028094,Patricia  Johnson,3000.00
07Jun11,006498,baldwin chung,2735.00
07Jun11,020099,ERICA ANGELLA DENNIS,3550.46
07Jun11,026883,Prudence M Serju,2735.00

No. of Payments: 20
Total Amount Paid: 59645.97