Date,Account No,Account Name,Amount Paid
03May10,026706,Dawn Lue,2400.00
03May10,001002,RUBY BURTON,11417.25
03May10,023766,Adrian C. Robinson,6245.16
03May10,023767,Adrian C. Robinson,5640.00
03May10,023473,Laurence chisholm,2400.00
03May10,020569,,2300.00
03May10,001014,Norma Rattray,4832.00
03May10,010464,Dionne Newman,3612.75
03May10,025270,PAUL GOODLETT,2115.00
03May10,008214,Arlene Garrick,3335.38
03May10,007084,Myrtle Halsall,0.00
03May10,025426,Hilary Lawrence,2115.00
03May10,002477,MARCIA PRYCE,2739.31
03May10,003774,Janet Geoghagen-Martin,3133.92

No. of Payments: 14
Total Amount Paid: 52285.77