Date,Account No,Account Name,Amount Paid
13Sep10,024090,Delroy Bryan,2000.00
13Sep10,022666,ROSE-MARIE MOORE-GRANT,2885.00
13Sep10,21545,babbette martin,6000.00
13Sep10,016774,Everod Davis,5859.71
13Sep10,020388,Narda Sterling,2546.40
13Sep10,008947,Lissa Grant,16801.21
13Sep10,022214,Anicee Gray-Brown,3648.19
13Sep10,027163,Stacian Bennett,2633.31
13Sep10,005302,Suze Jovin-Webster,2735.00
13Sep10,016834,Charlotte McDonald-Ashley,3000.00

No. of Payments: 10
Total Amount Paid: 48108.82