Date,Account No,Account Name,Amount Paid
15Sep11,026230,shau wai hugh,2885.00
15Sep11,009411,Janet Williamson,3700.00
15Sep11,026277,maria gayle,2585.00
15Sep11,009214,Jacqueline McLeod,3648.75
15Sep11,4365,jacqueline somers-king,3035.00
15Sep11,26821,christopher lowe,3000.00
15Sep11,025783,Alma Jean Harris,2115.00
15Sep11,23635,Karene Blair,2585.00
15Sep11,024978,Paul Allen,2500.00
15Sep11,019529,Paul Allen,2900.00
15Sep11,012520,TANNIA DALEY,1068.80
15Sep11,28273,Deandra Ducasse,3000.00
15Sep11,024040,Hilda Belcher,2750.00
15Sep11,024475,ROHAN ANDERSON,2500.00
15Sep11,023103,daniel James,2600.00
15Sep11,19434,Christopher Hanson,3000.00

No. of Payments: 16
Total Amount Paid: 43872.55