Date,Account No,Account Name,Amount Paid
14May11,019434,Christopher Hanson,3000.00
14May11,687400,Brian A L Goldson,2885.00
14May11,11154,DEANE SHEPHERD,3100.00
14May11,028020,Patricia Chong,2735.00
14May11,023236,Suzanne Morris,2735.00
14May11,023236,Suzanne Morris,2735.00
14May11,023236,Suzanne Morris,2735.00
14May11,026469,erica gray,3393.96
14May11,026230,shau wai hugh,2885.00
14May11,012799,Seoma Simmonds,2585.00
14May11,026821,christopher lowe,2469.29
14May11,014435,DIANE A P DAWSON,2735.00
14May11,023635,Karene Blair,2585.00
14May11,028378,Damian campbell,3000.00
14May11,021794,Jodi� Smith,2735.00
14May11,025553,CYNTHIA EARLE,2585.00
14May11,15086,Christine Morrison,2200.00
14May11,001001,Evadnie Byfield-Sterling,2585.00
14May11,003957,Evadnie Byfield-Sterling,4841.54
14May11,028387,alicia morgan,2500.00

No. of Payments: 20
Total Amount Paid: 57024.79