Date,Account No,Account Name,Amount Paid
14Dec10,28167,Aniff Spence,3500.00
14Dec10,009214,Jacqueline McLeod,3649.35
14Dec10,026227,Lolly Surapaneni,2585.00
14Dec10,028020,Patricia Chong,2734.00
14Dec10,004223,orett parker,7500.00
14Dec10,018672,Thomas Levene,2115.00
14Dec10,014561,Karen Amiel St. Juste,2885.00
14Dec10,014435,Diane Dawson,2735.00
14Dec10,021598,andrew bogle,2936.71
14Dec10,687400,Brian Goldson,2885.00
14Dec10,595,stuart delvaille,2620.00
14Dec10,007371,SHARON LEE,6500.00
14Dec10,28378,Damian Campbell,3386.00
14Dec10,027829,Robert Collie,2685.00
14Dec10,008258,john aarons,5470.00
14Dec10,017578,vinnette smith,2735.00
14Dec10,011763,Kevin Simpson,2585.00
14Dec10,026277,maria gayle,2585.00

No. of Payments: 18
Total Amount Paid: 62091.06