Date,Account No,Account Name,Amount Paid
02Aug10,002078,David Radlein,2115.00
02Aug10,025270,PAUL GOODLETT,2585.00
02Aug10,004819,Norma Barnswell,2316.72
02Aug10,004819,Norma Barnswell,2.32
02Aug10,026254,Dyon Woolcock,2735.00
02Aug10,011450,Megan Joy,3031.46
02Aug10,011450,Megan Deane,3034.46
02Aug10,008212,Milton Rainford,2417.59
02Aug10,026249,001-026249,2885.00
02Aug10,001887,Mark Jackson,2518.47
02Aug10,000901,Karlene P Robinson,2735.00
02Aug10,024998,Ian Rose,4945.96
02Aug10,007837,Lorna Sue-Ho,500.00

No. of Payments: 13
Total Amount Paid: 31821.98