Date,Account No,Account Name,Amount Paid
10Jun11,24936,Wayne Johnson,3182.37
10Jun11,28904,Chris Jones,2500.00
10Jun11,022093,Suzzette Johnson,2585.00
10Jun11,26482,marion bacchas,2785.06
10Jun11,9505,ELISE WRIGHT-GOFFE,2215.86
10Jun11,021442,Sybil Hucey,2417.59
10Jun11,001622,Andra Binns Chin,4915.00
10Jun11,028225,Caribbean Systematics Ltd,3525.00
10Jun11,006528,Eleise E Francis,2218.00
10Jun11,021386,Jervis Rose,2787.00
10Jun11,008214,Arlene Garrick,3798.75
10Jun11,024527,Aldeen Anderson,1410.00

No. of Payments: 12
Total Amount Paid: 34339.63