Date,Account No,Account Name,Amount Paid
06Oct10,006498,baldwin chung,2735.00
06Oct10,007808,tina Kirkpatrick,2835.86
06Oct10,013024,George Simon,2800.00
06Oct10,25760,Joy  Williams,2585.00
06Oct10,002893,Alan Younis,3000.00
06Oct10,027531,Deangelo Ferguson,1175.00
06Oct10,014876,Norma Rattray,1438.00
06Oct10,025199,Brent/Jennifer Richardson/Petg,3498.75
06Oct10,004426,Ingrid Thwaites,3035.00
06Oct10,000901,Karlene P. Robinson,3702.00
06Oct10,028039,Sonia Ramsay,2885.00
06Oct10,013957,Monique Cassanova,3069.62

No. of Payments: 12
Total Amount Paid: 32759.23