Date,Account No,Account Name,Amount Paid
14Jul11,028020,Patricia Chong,2800.00
14Jul11,007049,Joan R. Brown,2800.00
14Jul11,19434,Christopher Hanson,3000.00
14Jul11,25463,Hazel Silburn,2585.00
14Jul11,25463,Hazel Silburn,2585.00
14Jul11,008430,James Bramwell,9300.00
14Jul11,016774,Everod Davis,5859.71
14Jul11,10595,Hughjeanette Allen,3498.75
14Jul11,016731,michelle walker,2585.00
14Jul11,24705,Lola Rattray,2300.00
14Jul11,28050,Joslyn O'Connor,2979.61
14Jul11,013580,Noel Wong,2316.47
14Jul11,007809,Lance Anerson,5479.00
14Jul11,019276,Weyni whiteley,3200.00
14Jul11,021442,Sybil Hucey,2417.59

No. of Payments: 15
Total Amount Paid: 53706.13