Date,Account No,Account Name,Amount Paid
07Sep11,028738,erica ewbanks,3000.00
07Sep11,028682,sheena/gregory east,2885.00
07Sep11,028682,sheena/gregory east,2885.00
07Sep11,000901,Karlene Robinson,3499.00
07Sep11,003539,Ettle Fletcher,2316.72
07Sep11,028872,jacqueline,3498.75
07Sep11,028850,Andrea E. Adams,3703.25
07Sep11,025099,ninon ennis,2585.00
07Sep11,000248,Pamella Powell,2735.17
07Sep11,006744,CARL A R LITTLE,2585.00
07Sep11,015939,Evadne Smith,2115.00

No. of Payments: 11
Total Amount Paid: 31807.89