Date,Account No,Account Name,Amount Paid
12Jul11,012286,Michael McNaughton,2885.00
12Jul11,028475,Kimberly Doyley,2500.00
12Jul11,020464,Oswald Davis,2565.69
12Jul11,015396,Oswald Davis,2565.69
12Jul11,006744,CARL A.R. LITTLE,2585.00
12Jul11,023376,Simone Marie Bell,2733.61
12Jul11,028279,Rena Blackwood - McIntosh,3000.00
12Jul11,007737,ELEANOR JONES,2585.00
12Jul11,25289,Alicia Silvera,1897.98
12Jul11,017578,vinnette smith,2589.76
12Jul11,008258,john aarons,5473.48
12Jul11,028039,Sonia M. Ramsay,2885.00
12Jul11,7808,tina KIRKPATRICK,2835.86

No. of Payments: 13
Total Amount Paid: 37102.07