Date,Account No,Account Name,Amount Paid
14Jun11,021794,Jodie Smith,2735.00
14Jun11,09214,Jacqueline McLeod,3297.50
14Jun11,026996,,2585.00
14Jun11,028020,Patricia Chong,2735.00
14Jun11,025097,Rosemarie Powell,2735.00
14Jun11,025335,DELROY DELL,2600.00
14Jun11,006180,oliver/Ionie Mears/Clarke,2115.00
14Jun11,024992,001-024992,3527.00
14Jun11,25289,Alicia Silvera,2585.00
14Jun11,021929,fiona fearon,3000.00
14Jun11,006024,Warren Nelson,3650.00
14Jun11,027763,Nicola Warren,2600.00
14Jun11,005302,Suze Jovin-Webster,2735.00
14Jun11,28537,duane o thomas,3000.00
14Jun11,5384,Byron Hibbert,2735.00
14Jun11,013580,Noel Wong,2316.47
14Jun11,23099,Lorna Lai,6753.28
14Jun11,025553,CYNTHIA  EARLE,2585.00

No. of Payments: 18
Total Amount Paid: 54289.25