Date,Account No,Account Name,Amount Paid
06Apr11,025105,brenda lee,2735.00
06Apr11,024470,Barbara Levy,2585.00
06Apr11,007808,tina kirkpatrick,2835.86
06Apr11,008880,DELORIS SIMPSON,2735.00
06Apr11,018672,Thomas Levene,2115.00
06Apr11,024527,Aldeen Anderson,1410.00
06Apr11,022067,Marlon Roberts,2800.00
06Apr11,003774,Janet Geoghagen-Martin,2513.27
06Apr11,003242,Hugh Croskery,15010.00
06Apr11,027408,Violet Anderson,2315.00
06Apr11,028111,OWEN TIBBY,2746.25
06Apr11,21545,babbette martin,4000.00
06Apr11,21545,babbette martin,4000.00
06Apr11,001887,Mark jackson,2518.45
06Apr11,002710,Andre Gooden,3648.75
06Apr11,025760,Joy Williams,2585.00

No. of Payments: 16
Total Amount Paid: 56552.58