Date,Account No,Account Name,Amount Paid
03Jun11,012045,Gwyneth Moore,9459.34
03Jun11,026487,Hermine Wallace,1533.05
03Jun11,026487,Hermine Wallace,1533.05
03Jun11,028465,Melissa Mellis,1175.00
03Jun11,022164,Alando Terrelonge,2474.00
03Jun11,017313,Denniese Cain,2735.00
03Jun11,028868,Donnavan W. Smith,2584.17
03Jun11,004337,Andrew A Heron,2585.00
03Jun11,007141,paul carroll,2735.00
03Jun11,004987,TRIXI MACMILLAN,2585.00
03Jun11,21162,Ileen Stamp,2735.00
03Jun11,016889,John Ehikhametalor,3498.75
03Jun11,011026,Dorothy Francis,2585.00
03Jun11,027395,ALRIC SPROUL,2875.81
03Jun11,015082,JOY GILLETT-CHAMBERS,2735.00

No. of Payments: 15
Total Amount Paid: 43828.17