Date,Account No,Account Name,Amount Paid
05Sep11,010496,Iris Johnson,2215.86
05Sep11,25300,Bishop Sarah F. Davis,2600.00
05Sep11,021929,Fiona Fearon,2998.00
05Sep11,002078,David Radlein,2115.00
05Sep11,005113,JOHN SINCLAIR,2319.00
05Sep11,003238,Henry Wee Tom,2316.72
05Sep11,025426,Hilary Lawrence,3187.00
05Sep11,023463,Annette lee,2735.00
05Sep11,001887,Mark Jackson,2518.45
05Sep11,022164,Alando Terrelonge,2175.00
05Sep11,028039,Sonia M. Ramsay,2885.00
05Sep11,00762,janice grant taffe,3798.75

No. of Payments: 12
Total Amount Paid: 31863.78