Date,Account No,Account Name,Amount Paid
06May11,028443,Jelissa Terthoffer,2585.00
06May11,026227,Lolly Surapaneni,2585.00
06May11,006239,STANFORD FRANCIS & LEON JAMISO,2585.00
06May11,027408,VIOLET ANDERSON,2315.00
06May11,028627,Alicia Chong,3000.00
06May11,009505,ELISE WRIGHT-GOFFE,1711.58
06May11,023207,001-023207,6592.62
06May11,11154,Ramiro Allen-Martinez,2340.87
06May11,015447,Neil Reese,3498.75
06May11,025760,Joy.Williams,2585.00

No. of Payments: 10
Total Amount Paid: 29798.82