Date,Account No,Account Name,Amount Paid
14Oct11,21598,andrew bogle,2936.71
14Oct11,008430,James Bramwell,9268.50
14Oct11,687400,Brian A.L. Goldson,2885.00
14Oct11,000218,Hope Anderson,2735.00
14Oct11,026996,LANCELOT AUSTIN,5000.00
14Oct11,8880,Deloris Simpson,2735.00
14Oct11,23197,Shanique Green,2585.00
14Oct11,007809,Lance Anderson,5500.00
14Oct11,001386,LLOYD MARTIN,2979.61
14Oct11,001028,Patricia Chong,2606.00
14Oct11,012799,Seoma Simmonds,2585.00
14Oct11,017578,vinnette smith,2887.00
14Oct11,006024,Warren Nelson,3766.25
14Oct11,001588,Lorna Bell,2500.00
14Oct11,024751,ERROL CHAMPGNIE,2318.98
14Oct11,026420,ANDREA ROBINSON,2585.00
14Oct11,002893,Alan Younis,3500.00
14Oct11,20713,Janice Galbraith,2869.00
14Oct11,019377,Tamara Wilson,5328.00
14Oct11,022575,Sheldo Powe,2585.00
14Oct11,19985,MAXINE CARGILL,2585.00
14Oct11,026945,Debbie Leyow,5120.00
14Oct11,027893,LILLIAN STRACHN,2260.41
14Oct11,016816,Jaseth Barrett,2734.29
14Oct11,004261,Carol Watson,5978.61

No. of Payments: 25
Total Amount Paid: 88833.36