Date,Account No,Account Name,Amount Paid
01Jul10,013856,Andrea McNish,3355.00
01Jul10,028227,Safiya  N. Donaldson,2585.00
01Jul10,002078,David Radlein,1375.00
01Jul10,026254,Dyon Woolcock,2735.00
01Jul10,018519,Jamaica Energy Partners,1475.88
01Jul10,026348,Robert Wilmot,2585.00
01Jul10,026457,Sackera Ramsay,2786.00
01Jul10,010265,Salma Theresa Aitcheson,4633.44
01Jul10,26834,edna atkinson,2500.00
01Jul10,007141,paul carroll,2200.00
01Jul10,027699,Pauline Bain,2735.00
01Jul10,027763,Nicola Warren,2600.00
01Jul10,025388,Raymond Shields,3525.00
01Jul10,014876,Norma Rattray,5245.96
01Jul10,008873,Merle Wade,2115.00
01Jul10,008873,Barry Wade,215.00
01Jul10,003774,Janet Geoghagen-Martin,3498.75
01Jul10,028094,Patricia Johnson,3035.00
01Jul10,023367,Claudia D. Baxter,2600.00
01Jul10,017634,Ellan Edwards,733.52
01Jul10,003166,Winsome Williams,2685.00
01Jul10,027718,Michelle Dunbar Perry,2584.28
01Jul10,006239,Stanford Francis & Leon Jamies,5593.72

No. of Payments: 23
Total Amount Paid: 63396.55