Date,Account No,Account Name,Amount Paid
12Oct10,009104,wilbert spence,3348.75
12Oct10,001090,GEOFFREY CHUNG,3370.00
12Oct10,024751,Errol Champagnie,2314.72
12Oct10,024751,Errol Champagnie,2316.72
12Oct10,021821,Kieffer Thomas,2450.44
12Oct10,021386,Jervis Rose,2787.00
12Oct10,028394,Janet Grey,4752.72
12Oct10,005302,Suze Jovin-Webster,2735.00
12Oct10,025269,camille/Denis Parchment,3453.40
12Oct10,009000,Barbara Bailey,2215.86
12Oct10,006053,Lorna Higgins,2885.00
12Oct10,026030,Kelly-Ann Miller,2585.00
12Oct10,015106,Howard Campbell,2735.00
12Oct10,022666,ROSE-MARIE MOORE-GRANT,2885.00
12Oct10,025553,CYNTHIA EARLE,2585.00

No. of Payments: 15
Total Amount Paid: 43419.61