Date,Account No,Account Name,Amount Paid
14Nov10,011016,Trischa-Day Williams,3185.00
14Nov10,018672,Thomas Levene,2115.00
14Nov10,025783,Alma Jean Harris,2115.00
14Nov10,025783,ALMA JEAN HARRIS,2115.00
14Nov10,026420,ANDREA ROBINSON,2587.57
14Nov10,004261,Carol Watson,3497.50
14Nov10,014561,Karen Amiel St. Juste,2885.00
14Nov10,021785,Lincoln Johnson,2735.00
14Nov10,017578,vinnette smith,2735.00
14Nov10,008597,Eric Dean,2215.86
14Nov10,022022,Marjorie Webley,2735.00
14Nov10,006906,donovan hinds,2735.00

No. of Payments: 12
Total Amount Paid: 31655.93