Date,Account No,Account Name,Amount Paid
13Dec10,006498,baldwin chung,2735.00
13Dec10,011966,Karen Ottar,2649.00
13Dec10,021830,Jason Simmonds,3500.00
13Dec10,023149,Janet I. Bailey,2585.00
13Dec10,016774,Everod Davis,5859.71
13Dec10,002893,Alan Younis,3000.00
13Dec10,027763,Nicola Warren,2600.00
13Dec10,016969,Dahlia Vivienne Campbell,3648.75
13Dec10,027877,sheena johnson,2685.86
13Dec10,002078,David Radlein,2115.00
13Dec10,021785,Lincoln Johnson,2735.00
13Dec10,022450,Judy-Ann Campbell,2580.00
13Dec10,001914,Sandra Baugh Ranglin,2885.00
13Dec10,028153,jacqueline R. Birthwright,4000.00
13Dec10,004550,Sheila Graham,4681.69
13Dec10,013421,Chery Levy,2600.00
13Dec10,05111,AMY I. LAING,1394.87
13Dec10,005266,Kingsley Simpson,2883.00
13Dec10,005266,Kingsley Simpson,2885.00
13Dec10,025269,Camille/Denis Parchment,3035.00
13Dec10,20549,Shelly-Ann Walker,4945.46
13Dec10,026420,ANDREA ROBINSON,2585.00
13Dec10,002710,Andre Gooden,4411.16
13Dec10,023197,Shanique Green,2585.00
13Dec10,006906,donovan hinds,2735.00

No. of Payments: 25
Total Amount Paid: 78319.50