Date,Account No,Account Name,Amount Paid
13May11,008880,Deloris Simpson,2735.00
13May11,007281,Mavis Crawford/Carol Bowes,3178.75
13May11,012357,Vivienne Wignal Gordon,2900.00
13May11,23568,Norma Burton,2585.00
13May11,005266,Kingsley Simpson,2885.00
13May11,028607,Delmanda Fisher,2582.50
13May11,019377,Tamara Wilson,3348.75
13May11,026420,ANDREA ROBINSON,2585.00
13May11,015106,Howard Campbell,2734.83
13May11,028227,Safiya N Donaldson,2585.00

No. of Payments: 10
Total Amount Paid: 28119.83