Date,Account No,Account Name,Amount Paid
16Jun10,016132,Camille Drake,7000.00
16Jun10,027700,Angela&Josiah Okpanachi,3350.00
16Jun10,027700,Angela&Josiah Okpanachi,3350.00
16Jun10,009574,Maureen Lawson,2000.00
16Jun10,012608,Dr Marian Allison Vaughan,5066.00
16Jun10,11026,Dorothy Francis,3325.00
16Jun10,22114,Nadya Bryce-Reynolds,2700.00
16Jun10,17634,Ellan Edwards,3200.00
16Jun10,16153,JUDITH MCGOWAN,2500.00
16Jun10,08313,Veronica Stanford,2955.15
16Jun10,26247,NADIA WILLIAMS,2585.00
16Jun10,017578,Kirk Smith,2371.00

No. of Payments: 12
Total Amount Paid: 40402.15