Date,Account No,Account Name,Amount Paid
11Oct11,6528,Eleise E Francis,2217.00
11Oct11,9128,Dawn Ebanks ,3179.47
11Oct11,021794,Jodi� Smith,2755.00
11Oct11,22331,Vinnate Hall,2735.00
11Oct11,27202,Rayharna Wright,5400.00
11Oct11,002529,Roderick Lewis,3745.36
11Oct11,28796,Bobby Zachariah,2585.00
11Oct11,025199,BRENT/JENNIFER RICHARDSON/PETG,3498.75
11Oct11,006498,baldwin chung,2735.00
11Oct11,009000,Barbara Bailey,2217.86
11Oct11,025099,ninon ennis,2585.00
11Oct11,023916,Kerrigon Isaacs,3035.00
11Oct11,000898,Adrian Lee,2750.00
11Oct11,002165,Howard Hall,4159.00
11Oct11,025269,Camille Parchment,3035.00

No. of Payments: 15
Total Amount Paid: 46632.44