Date,Account No,Account Name,Amount Paid
14Jun10,25023,Edward Smith,2500.00
14Jun10,009214,Jacqueline McLeod,3355.01
14Jun10,017794,Christina Moore,2735.00
14Jun10,016774,Everod Davis,6035.96
14Jun10,1601,Lincoln Deane,2700.00
14Jun10,11450,Megan Deane,6070.00
14Jun10,25463,Hazel Silburn,2585.00
14Jun10,026227,Lolly Surapaneni,2585.00
14Jun10,006498,baldwin chung,3205.00
14Jun10,022513,Anita Pal,3891.00
14Jun10,002308,quinton yearde,2885.01
14Jun10,022067,Marlon Roberts,2400.00

No. of Payments: 12
Total Amount Paid: 40946.98