Date,Account No,Account Name,Amount Paid
05May11,023058,ALEXIS ROBINSON,2585.00
05May11,025099,ninon terenia ennis,2585.00
05May11,025105,brenda lee,2735.00
05May11,007808,TINA KIRKPATRICK,2835.86
05May11,028174,Margaret Smith,2730.41
05May11,028174,Margaret Smith,2730.41
05May11,001887,Mark Jackson,2518.45
05May11,006744,CARL A R LITTLE,2585.00
05May11,028738,erica ewbanks,3000.00
05May11,027796,Yvonne Chamberlain,2500.00
05May11,004987,Trixi MacMillan,2585.00

No. of Payments: 11
Total Amount Paid: 29390.13