Date,Account No,Account Name,Amount Paid
08Mar11,024527,Aldeen Anderson,1410.00
08Mar11,28227,Safiya Donaldson,2585.00
08Mar11,27639,Le-Anne Roper,999.00
08Mar11,021785,Lincoln Johnson,0.00
08Mar11,014152,Charlene Robertson,3816.35
08Mar11,003238,HENRY WEETOM,2316.72
08Mar11,017837,Radcliffe Butler,4431.72
08Mar11,020099,ERICA ANGELLA DENNIS,3550.46
08Mar11,005266,Kingsley Simpson,2885.00
08Mar11,10208,Donna Miller,2735.00
08Mar11,028443,Jelissa Terthoffer,2624.29
08Mar11,25553,CYNTHIA EARLE,2585.00
08Mar11,024936,Wayne Johnson,2885.00

No. of Payments: 13
Total Amount Paid: 32823.54