Date,Account No,Account Name,Amount Paid
02Sep10,000568,Barbara Rubie,2583.00
02Sep10,000568,Barbara Rubie,2585.00
02Sep10,008214,Arlene Garrick,3798.75
02Sep10,007141,,2735.00
02Sep10,026254,Dyon Woolcock,2735.00
02Sep10,002078,David Radlein,2115.00
02Sep10,027763,Nicola Warren,2300.00
02Sep10,001887,Mark Jackson,2518.45
02Sep10,027531,Deangelo Ferguson,1208.42
02Sep10,009244,William A. Brown,4385.54
02Sep10,008212,Milton Rainford,2417.59
02Sep10,028401,Coral Fernandez,3798.62
02Sep10,026457,Sackera Ramsay,2585.00
02Sep10,017648,NATALIE/JANET SHAW,6647.58
02Sep10,027876,rodcliff rhynie,6000.00
02Sep10,003238,HENRY WEETOM,2316.72
02Sep10,010263,Monica Taylor,2400.00
02Sep10,011026,Dorothy Francis,2585.00
02Sep10,018782,Heather F. Armstrong,2265.00
02Sep10,025388,Raymond Shields,3948.75
02Sep10,025613,Richard A Spence,2580.26
02Sep10,006292,donald E Taylor,3000.00
02Sep10,014876,Norma Rattray,2885.00
02Sep10,002749,KARL  HARRISON,3335.00
02Sep10,007383,Ena Daniels,5000.00
02Sep10,023581,Winston Greenwood,2225.86
02Sep10,027699,Pauline Bain,2979.61
02Sep10,013856,Andrea McNish,2900.00
02Sep10,012286,Michael McNaughton,5000.00
02Sep10,016521,Barbara Rhodd,2884.36

No. of Payments: 30
Total Amount Paid: 94718.51