Date,Account No,Account Name,Amount Paid
10Aug11,24303,Ray Nixon,2173.75
10Aug11,9104,wilbert spenc,3348.75
10Aug11,14435 ,Diane Dawson,2735.00
10Aug11,16394,Yolanda & Horace Manhu-Thomas,2735.00
10Aug11,024751,Errol Champagnie,2316.72
10Aug11,20388,Narda Sterling,2585.00
10Aug11,026706,Dawn Lue,3200.00
10Aug11,002529,Roderick Lewis,3627.86
10Aug11,8176,jeanette/alvin henry,3282.20
10Aug11,14876,Norma Rattray,2884.73
10Aug11,007809,Lance Anderson,5500.00
10Aug11,025269,Camille Parchment,3035.00
10Aug11,026474,DONNA REID BRADY,2585.00
10Aug11,17794,Christina Moore,3800.20
10Aug11,028153,jacqueline birthwright,3600.00
10Aug11,004987,TRIXI MACMILLAN,2585.00
10Aug11,25768,janette phillip,2551.22
10Aug11,028111,owen tibby,3348.75
10Aug11,22530,Chelsea Scott,4611.62
10Aug11,026420,ANDREA  ROBINSON,2585.00
10Aug11,6180,CLARKE/MEARS, OLIVER/IONIE,2115.00
10Aug11,025099,ninon ennis,2585.00
10Aug11,021898,Paul Williams,2737.00
10Aug11,018672,Thomas Levene,2115.00
10Aug11,009000,Barbara Bailey,2217.86
10Aug11,009000,Barbara Bailey,2217.86
10Aug11,009000,Barbara Bailey,2217.86
10Aug11,009000,Barbara Bailey,2217.86
10Aug11,015021,Andrea Taylor,5000.00
10Aug11,003238,HENRY WEETOM,2316.72

No. of Payments: 30
Total Amount Paid: 88830.96