Date,Account No,Account Name,Amount Paid
06Sep10,008873,Merle Wade,2115.00
06Sep10,028153,jacqueline birthwright,7000.00
06Sep10,020099,ERICA DENNIS,3550.46
06Sep10,12045,gwyneth moore,6291.00
06Sep10,024527,Aldeen Anderson,1410.00
06Sep10,26819,Marcia Bair,2885.00
06Sep10,025760,Joy  Williams,2585.00
06Sep10,002710,Andre Gooden,2885.00
06Sep10,014435,Diane Dawson,3100.00
06Sep10,028039,Sonia Ramsay,2885.00
06Sep10,000880,Stacey Chin,2735.00
06Sep10,024992,Jodi Ann Paulwell,2585.00
06Sep10,025300,Bishop Sarah F. Davis,2584.29
06Sep10,024438,Winston Lawson,2735.00
06Sep10,026816,Rohan Bailey,2600.00
06Sep10,026816,Rohan Bailey,2600.00

No. of Payments: 16
Total Amount Paid: 50545.75