Date,Account No,Account Name,Amount Paid
13Oct11,12357,Vivienne Wignal Gordon,3000.00
13Oct11,26963,Carlton Davis,3705.54
13Oct11,24705,Lola Rattray,2500.00
13Oct11,5302,Suze Jovin Webster,2735.00
13Oct11,023463,Annette Lee,2735.00
13Oct11,008176,alvin & Jeanette Henry,3282.20
13Oct11,008476,Lawrence Jones,13000.00
13Oct11,008258,JOHN AARONS,5474.00
13Oct11,8133,Susan SHIRLEY,2735.00
13Oct11,012311,Edereen Smith,3616.25
13Oct11,001059,Merline Hobson,3885.75

No. of Payments: 11
Total Amount Paid: 46668.74