Date,Account No,Account Name,Amount Paid
02May11,025764,MAUREEN ELAINE ALLEN,2885.00
02May11,025300,Sarah Davis,2735.00
02May11,026380,janette phillip,2260.41
02May11,025768,Janette Phillip,2551.22
02May11,026729,Sophia Hitchins,2585.00
02May11,013266,Valerie Kerr,2500.24
02May11,021785,Lincoln J Johnson,2735.00
02May11,010377,INGRID BATCHELOR,3035.00
02May11,027566,Marlon Virtue,1525.00
02May11,002078,David Radlein,2115.00
02May11,025475,Hope Wheeler,2115.00
02May11,022134,,2735.00
02May11,028868,Donnavan W. Smith,2584.17
02May11,010265,Salma Theresa Aitcheson,2316.72
02May11,028040,Carlos Michel,1175.00
02May11,008212,Milton Rainford,2417.59
02May11,011723,Anne-Marie Thomas,3498.75
02May11,028850,Andrea E. Adams,3705.13
02May11,026883,Prudence Serju,2735.00
02May11,000901,Karlene Robinson,3499.00
02May11,028015,,2877.81
02May11,004426,Ingrid Thwaites,3035.00
02May11,028094,Patricia Johnson,2900.00
02May11,024799,Pauline Royal ,3497.00
02May11,028832,Keisha DeLeon,2700.00
02May11,011026,Dorothy Francis,2585.00
02May11,008214,Arlene Garrick,3798.75
02May11,027915,Yvette Cross,2586.00
02May11,026254,Dyon A Woolcock,2735.00
02May11,003166,Winsome Williams,2685.00
02May11,023853,Paul White,2887.46

No. of Payments: 31
Total Amount Paid: 83995.25