Date,Account No,Account Name,Amount Paid
31Jul11,025622,Elsada Dobson,2380.00
31Jul11,021524,Everton Lewis,2885.00
31Jul11,015938,Howard Hamilton,4231.00
31Jul11,028850,Andrea E. Adams,3703.25
31Jul11,28167,Aniff Spence,500.00
31Jul11,026732,Sonia Gill,5400.31
31Jul11,000568,Barbara Rubie,2589.00
31Jul11,001025,MAUREEN ELAINE ALLEN,2885.00
31Jul11,006292,Donald E. Taylor,3500.00
31Jul11,023767,adrian robinson,2121.00
31Jul11,023376,Simone Bell,2735.00

No. of Payments: 11
Total Amount Paid: 32929.56