Date,Account No,Account Name,Amount Paid
16Jul10,018133,Nada Marasovic,7755.00
16Jul10,11759,Juliette Blake,3475.00
16Jul10,028104,,2800.00
16Jul10,019529,Paul Allen,2000.00
16Jul10,024978,Paul Allen,2000.00
16Jul10,009162,Jacqueline Mighty,23530.98
16Jul10,013435,Curlene Andrade,2015.00
16Jul10,025031,Rose Ann Nelson,2750.00
16Jul10,009725,Everton Younger,3100.00
16Jul10,016969,Dahlia Campbell,4388.78
16Jul10,23528,Barbara Brandon,9603.27
16Jul10,002165,Howard Hall,3400.00
16Jul10,013957,Monique Cassanova,3000.00
16Jul10,025023,Edward Smith,700.00
16Jul10,25023,Edward Smith,2800.00
16Jul10,026816,Rohan Bailey,2270.00

No. of Payments: 16
Total Amount Paid: 75588.03