Date,Account No,Account Name,Amount Paid
12Nov10,017884,pamella watson,2735.00
12Nov10,023943,Ketha Silver,2800.00
12Nov10,026996,LANCELOT AUSTIN,2800.00
12Nov10,013957,Monique Cassanova,2735.00
12Nov10,025553,Cynthia Earle,2585.00
12Nov10,24470,Barbara Levy,2600.00
12Nov10,009104,wilbert spence,3348.75
12Nov10,009104,wilbert spence,3348.75
12Nov10,027620,Tova Hamilton,2585.00
12Nov10,028378,Damian Campbell,4000.00
12Nov10,001028,001028394,2585.00
12Nov10,005266,Kingsley Simpson,2884.29
12Nov10,010246,Aston Daley,2316.72
12Nov10,13435,Curlene Andrade,2200.00
12Nov10,014435,Diane Dawson,2735.00
12Nov10,005302,Suze Jovin-Webster,2735.00

No. of Payments: 16
Total Amount Paid: 44993.51