Date,Account No,Account Name,Amount Paid
11Aug10,10208,Donna Miller,2735.00
11Aug10,009000,Barbara Bailey,2215.86
11Aug10,22164,Alando Terrelonge,2600.00
11Aug10,2710,Andre M Gooden,2885.00
11Aug10,020549,Shelly-Ann Walker,4945.96
11Aug10,26482,marion bacchas,2685.06
11Aug10,028040,Carlos Michel,1175.00
11Aug10,005302,Suze Jovin-Webster,2735.00
11Aug10,14602,Carmen Richards,2800.00
11Aug10,028160,Caurel Richards,2361.00
11Aug10,028160,Caurel Richards,2360.88
11Aug10,026277,Maria Gayle,2585.00
11Aug10,026227,Lolly Surapaneni,2585.00

No. of Payments: 13
Total Amount Paid: 34668.76