Date,Account No,Account Name,Amount Paid
04Aug11,010290,Pat  Clare,2884.73
04Aug11,028364,Anthony Gregory,3644.50
04Aug11,028522,MELISSA MCLYMONT,2820.00
04Aug11,22164,Alando Terrelonge,3000.00
04Aug11,025300,Bishop Sarah F. Davis,5880.00
04Aug11,007192,Angela Cooper,2500.00
04Aug11,007192,Angela Cooper,2500.00
04Aug11,024799,Pauline Royal,3200.00
04Aug11,024799,Pauline Royal,3200.00
04Aug11,009505,ELISE  WRIGHT-GOFFE,2215.86
04Aug11,008212,Milton Rainford,2417.59
04Aug11,012045,Gwyneth Moore,9460.75
04Aug11,28839,Ramiro Allen,2340.87
04Aug11,22386,Duane Sheperd,2583.00
04Aug11,22386,Duane Sheperd,2585.00
04Aug11,002749,Marc and Karl Harrison,4100.75

No. of Payments: 16
Total Amount Paid: 55333.05