Date,Account No,Account Name,Amount Paid
15Oct10,016969,DAHLIA CAMPBELL,648.75
15Oct10,016969,DAHLIA CAMPBELL,3000.00
15Oct10,019377,Tamara Wilson,6200.00
15Oct10,019377,Tamara Wilson,6204.14
15Oct10,002165,Howard Hall,3335.00
15Oct10,28167,Aniff Spence,3500.00
15Oct10,012286,Michael McNaughton,2300.00
15Oct10,022575,Sheldon Powe,3000.00
15Oct10,000218,Anderson,  Dr Hope,2375.00
15Oct10,010277,Chester Orr,2516.83
15Oct10,009214,Jacqueline McLeod,3648.50
15Oct10,016774,Everod Davis,5859.71
15Oct10,25437,GREGORY PROUTE,7755.00
15Oct10,011314,Gloria Marsh,5470.00
15Oct10,028279,Rena Blackwood-McIntosh,3000.00
15Oct10,009658,Judith Ferguson,2735.00
15Oct10,13561,Ruby McIntosh,3000.00
15Oct10,014435,001-014435,2734.83
15Oct10,11345,Brendan Dunn,0.50
15Oct10,009214,Jacqueline McLeod,3648.50
15Oct10,027509,andrienne preston,2500.00

No. of Payments: 21
Total Amount Paid: 73431.76