Date,Account No,Account Name,Amount Paid
04Aug10,027763,Nicola Warren,2600.00
04Aug10,002477,Marcia Pryce,3642.50
04Aug10,006181,KEITH NOEL,2982.20
04Aug10,024883,Phillip Gooden,3035.00
04Aug10,26265,Kathleen Rainford,2115.00
04Aug10,28242,Patrick Williams,2585.00
04Aug10,008873,Merle Wade,1900.00
04Aug10,021946,EVERYTHING NICE LTD,9500.00
04Aug10,026613,steve wright,2800.00
04Aug10,002408,Frederick Bogle,7000.00
04Aug10,003166,001003166,2685.00

No. of Payments: 11
Total Amount Paid: 40844.70