Date,Account No,Account Name,Amount Paid
18Jul11,28167,Aniff Spence,3500.00
18Jul11,011167,avril bailey,3475.00
18Jul11,002672,Beverly McKessey,2855.00
18Jul11,16436,Trace Clarke,1500.00
18Jul11,022513,Anita Pal ,3860.00
18Jul11,026996,LANCELOT AUSTIN,3500.00
18Jul11,28832,Keisha Deleon,2600.00
18Jul11,28832,Keisha Deleon,2600.00
18Jul11,28832,Keisha Deleon,2600.00
18Jul11,28832,Keisha Deleon,2600.00
18Jul11,15002,Audrey Wolfe,3000.00
18Jul11,024225,VANCLINE BROWN,2151.29

No. of Payments: 12
Total Amount Paid: 34241.29