Date,Account No,Account Name,Amount Paid
04May11,015939,Evadne Smith,2115.00
04May11,11154,Ramiro Allen-Martinez,2340.87
04May11,003713,Marjorie Allen,2690.34
04May11,026706,dawn lue,3200.00
04May11,014896,Janilee Abrikian,3648.75
04May11,026249,KAVELL WILLIAMS,2885.00
04May11,22386,Duane Shepherd,2585.00
04May11,000568,Barbara Rubie,2587.00
04May11,025426,Hilary Lawrence,3186.50
04May11,001622,Andrea Binns Chin,4888.06
04May11,015002,Audrey Wolfe,3600.00
04May11,002749,Karl Harrison,3335.00
04May11,023581,Winston Greenwood,2215.86
04May11,016521,Barbara Rhodd,2885.00

No. of Payments: 14
Total Amount Paid: 42162.38