Date,Account No,Account Name,Amount Paid
15Dec10,021794,Jodie Smith,2370.00
15Dec10,024475,ROHAN ANDERSON,3000.00
15Dec10,026526,COLIN BROWN,3400.00
15Dec10,002165,Howard Hall,3335.00
15Dec10,016448,Marlene Brown,3600.00
15Dec10,024167,,2735.00
15Dec10,016659,Margaret Campbell,2875.81
15Dec10,023943,Ketha Silvera,2600.00
15Dec10,026230,shau wai hugh,2885.00
15Dec10,2645,Sharon A. Marsh,2735.00
15Dec10,000218,Dr. Hope Anderson,2735.00
15Dec10,021929,Fiona Fearon,2900.00
15Dec10,026996,LANCELOT AUSTIN,7000.00
15Dec10,015497,IVY WAN,2117.00
15Dec10,27133,Lyndon Brown,2585.00
15Dec10,012236,Dr. Vindel Kerr,2585.00
15Dec10,025783,ALMA JEAN HARRIS,2115.00

No. of Payments: 17
Total Amount Paid: 51572.81