Date,Account No,Account Name,Amount Paid
09Jul11,022169,Patrick Williams,3559.50
09Jul11,8400,Rosa Ramsay,2215.86
09Jul11,000000,JUDITH WILSON,1000.00
09Jul11,000000,Judith Wilson,2000.00
09Jul11,23772,beverley dixon,3500.00
09Jul11,017837,Patricia E. Butler,4431.72
09Jul11,028153,jacqueline birthwright,3500.00
09Jul11,26482,marion wilson-bacchas,2685.06
09Jul11,6528,Eleise E. Francis,2218.00
09Jul11,5175,winston mckenzie,2600.00
09Jul11,023197,Shanique Green,2585.00
09Jul11,1014,Patricia Newland,2735.00
09Jul11,4897,Trixi MacMillan,2585.00
09Jul11,002529,Roderick Lewis,3628.56
09Jul11,001887,Mark Jackson,2518.45
09Jul11,008880,deloris simpson,2735.00
09Jul11,28895,richard bowes,3348.00
09Jul11,032168,Norma M. Burton,1600.00

No. of Payments: 18
Total Amount Paid: 49445.15